Key,Price
SEK/MRO,97.57
SDG/QAR,708.74
THB/ISK,508.34
CUP/ZWL,62.41
MZN/FKP,304.45
XOF/JPY,506.26
NPR/PYG,854.53
EUR/HKD,565.06
XBB/SHP,136.05
LTL/XBD,948.27
GIP/CVE,309.99
BRL/AED,286.93
TND/BTN,363.88
LSL/AED,280.73
GTQ/DZD,758.32
MKD/MOP,240.65
UZS/FJD,74.40
HKD/JMD,630.82
MZN/SHP,149.50
FJD/MVR,137.12
BYR/UYU,452.76
BHD/PHP,366.20
BYR/PLN,959.49
KMF/LRD,332.93
SDG/EUR,208.11
XBD/MWK,290.32
LYD/KHR,517.32
BWP/DOP,229.89
AOA/NPR,315.44
KRW/EUR,754.71
BOB/KYD,398.38
HRK/GIP,514.45
SYP/KWD,779.98
CHF/HTG,245.77
NAD/SZL,909.99
LVL/LSL,861.39
DKK/ARS,371.25
LBP/LSL,576.51
TJS/JPY,305.83
XBC/FJD,399.88
FKP/UAH,937.35
XFU/AWG,749.26
MRO/NIO,294.83
PLN/FJD,666.07
XBC/LSL,826.47
FKP/EGP,181.51
NGN/VUV,677.57
AED/LTL,393.67
BAM/KGS,763.84
SRD/MWK,356.78
HRK/BSD,856.46
OMR/DJF,139.17
SRD/CZK,222.28
GBP/ALL,348.94
JOD/QAR,717.95
XAF/SYP,731.38
RUB/PAB,749.24
BSD/ERN,175.41
SOS/XAU,854.30
EEK/XPF,14.14
ZAR/THB,988.94
HNL/CVE,624.64
SDG/MYR,249.62
PLN/SVC,381.34
NZD/XCD,549.89
TZS/RON,795.54
THB/XBC,506.94
STN/GBP,118.11
VEF/SLL,370.74
SEK/SDG,896.93
SYP/XPF,869.40
SCR/BGN,497.90
SYP/XOF,325.00
BGN/MGA,749.62
KYD/CHF,199.77
KES/BBD,703.50
AUD/BYR,71.37
PHP/KGS,293.42
SLL/OMR,506.46
LBP/DOP,26.60
USD/HUF,612.74
CZK/XAU,123.65
ISK/KWD,466.05
LKR/BDT,958.66
UGX/SLL,898.25
KES/QAR,259.21
AED/SEK,292.17
UYU/VUV,431.05
ERN/ERN,527.82
GYD/XBB,178.61
TZS/CDF,112.14
MNT/PLN,195.84
BOB/HUF,722.21
ZMK/BWP,291.69
NIO/EGP,410.94
XAG/PYG,312.71
BBD/DJF,499.64
NIO/XPF,913.49
SZL/WST,116.18
SHP/KZT,30.92
EGP/MKD,674.57
DJF/LTL,559.46
PHP/XOF,22.93
KGS/JMD,866.91
ZWL/LYD,487.38
SAR/BYR,358.56
BAM/PYG,814.18
ZAR/NZD,472.65
XPT/XTS,149.17
CAD/AOA,14.45
XBA/LBP,660.01
JOD/GYD,455.82
COP/KES,668.95
PKR/GHS,827.70
SEK/TTD,401.39
WST/BIF,865.28
MKD/XFU,158.59
MWK/TRY,290.96
CHF/KYD,483.09
HTG/CDF,290.69
CDF/XBB,503.37
ISK/LSL,75.90
SGD/TWD,590.29
BDT/DKK,192.12
KYD/EGP,784.79
BBD/XAU,673.57
SDG/TZS,775.69
NPR/EEK,33.30
DOP/LYD,338.68
UZS/XOF,887.05
AOA/LSL,203.86
LYD/TZS,157.88
AFN/HUF,177.24
CHF/MRO,475.54
PHP/COP,352.03
TZS/AFN,53.28
XCD/XCD,100.72
RWF/ILS,599.14
XCD/BBD,471.28
IDR/WST,539.69
XAG/XOF,445.03
SOS/BTN,819.52
STN/ILS,281.87
XBB/BYR,513.37
CAD/TND,518.60
JPY/MUR,656.32
SOS/AWG,526.88
EEK/MRO,894.51
BZD/WST,890.30
SCR/HKD,545.66
XDR/SOS,154.12
ERN/CUC,208.68
NIO/SBD,430.40
THB/XPF,825.49
SVC/SVC,527.55
KMF/RWF,598.67
BMD/XPD,969.18
DOP/MDL,830.81
KRW/ERN,82.12
TWD/ZAR,813.81
HTG/PYG,582.87
HRK/PEN,780.87
SAR/ETB,133.97
BRL/LVL,262.12
SGD/SGD,810.58
XBB/ISK,502.14
GBP/BZD,278.59
MYR/PGK,193.41
WST/HKD,475.66
MZN/MOP,348.11
GBP/NIO,764.56
TRY/MXN,559.45
LAK/PEN,819.67
GYD/CZK,943.40
UZS/BYR,845.66
XFU/IDR,683.85
XPF/AED,794.02
XPD/SYP,76.91
AUD/KGS,673.52
MDL/DOP,128.47
DOP/FKP,146.68
JOD/DZD,881.18
MUR/XAU,143.01
XPD/FJD,793.02
PYG/CZK,732.93
UYU/KWD,995.18
FJD/RWF,727.47
CLP/NIO,351.74
MGA/IDR,947.98
CZK/CRC,753.36
KMF/PLN,84.11
NAD/AED,269.91
JMD/SYP,517.02
KZT/DOP,657.47
XOF/XBD,956.82
CDF/MDL,664.16
CAD/CUP,685.54
LVL/UAH,19.75
GBP/BYR,702.79
USD/GHS,16.47
NZD/BOB,377.73
BTN/TRY,333.47
BMD/NAD,418.85
BZD/CLP,542.19
KWD/EGP,781.10
NGN/KRW,594.67
ANG/XAF,389.01
BSD/NIO,487.00
TWD/XAU,979.83
XBB/USD,843.70
ALL/SRD,804.65
SYP/HKD,892.26
XAF/PYG,157.29
AFN/DZD,953.65
GTQ/IRR,667.13
LBP/YER,701.69
KRW/TMT,637.87
TWD/XDR,340.96
XOF/THB,529.19
COP/DKK,815.41
UZS/LSL,774.66
KZT/MVR,926.84
DZD/SBD,245.43
CRC/MYR,722.30
GYD/TTD,264.01
MDL/RSD,494.65
BMD/KZT,42.44
FKP/BGN,162.20
BWP/SRD,986.58
AED/FKP,181.50
NPR/DOP,998.31
KMF/SHP,774.27
GHS/YER,374.12
XDR/ANG,657.05
MZN/SEK,750.74
PGK/CNY,813.21
BHD/CAD,462.33
STN/AWG,600.82
OMR/IDR,11.92
XPD/MRO,138.26
DKK/KZT,606.17
XCD/XAF,240.48
LBP/KMF,371.91
TJS/ZMK,104.28
SOS/IDR,948.71
BWP/MNT,191.85
LTL/KPW,112.63
SYP/MXN,563.37
LRD/XOF,990.34
NOK/XBD,255.13
MXN/BBD,26.29
GMD/MXN,344.59
XCD/NIO,490.56
UYU/TWD,887.38
XBD/GHS,241.81
ALL/FKP,450.89
BDT/FKP,88.04
UGX/BOB,696.55
BHD/CRC,278.18
CHF/GHS,286.45
USD/KHR,552.23
LKR/LTL,226.81
VND/RUB,500.42
NAD/PHP,798.33
MXN/BSD,845.39
MAD/TJS,30.38
GNF/BSD,518.14
CRC/BZD,500.24
UYU/TJS,202.91
BDT/KZT,853.92
ERN/KHR,239.36
PKR/AFN,37.05
BND/GNF,329.04
CDF/CRC,390.94
CAD/XCD,209.24
LAK/DOP,534.18
SEK/FKP,554.94
MVR/BIF,141.15
LYD/SYP,773.58
VND/JOD,72.16
KWD/BHD,382.02
INR/ZAR,479.07
ISK/CVE,171.86
DZD/MRO,731.46
LRD/BAM,155.21
TOP/WST,653.72
EEK/BRL,283.71
XCD/RUB,486.74
TMT/ZMK,415.24
KHR/XBD,299.86
HUF/KES,725.18
BWP/ISK,765.78
ETB/BND,322.64
BIF/CUC,725.47
QAR/WST,586.03
CRC/BOB,379.36
SGD/TTD,740.06
KRW/XBD,573.58
MMK/BYR,258.89
XAG/NAD,918.34
XPF/BMD,673.71
ZAR/WST,612.39
LAK/ZAR,360.46
KRW/MDL,136.43
RON/VEF,15.77
ZAR/RON,989.24
OMR/MDL,15.55
KGS/XTS,99.62
BBD/UYU,678.15
ISK/CZK,707.62
BDT/OMR,895.95
TWD/GEL,946.89
ISK/SYP,922.97
AED/TTD,206.02
GEL/XAG,904.43
KMF/BSD,73.16
BDT/BND,54.94
XDR/SEK,768.96
AZN/BTN,643.12
SCR/BMD,191.67
BBD/MGA,746.66
BOB/UAH,31.40
MZN/GTQ,84.99
KMF/HRK,903.05
XFU/MNT,128.74
GBP/XBB,473.58
SHP/TWD,714.41
XAG/RSD,603.57
JOD/GBP,804.91
UGX/LYD,829.87
WST/SDG,794.12
XOF/PEN,981.36
CAD/MXN,882.26
RWF/XBD,855.25
XAU/ZAR,398.45
ILS/SYP,769.63
NPR/XBD,118.61
KGS/SGD,35.44
EGP/MOP,715.69
XAG/MDL,165.97
XPF/PLN,638.17
STN/BBD,184.09
SEK/BZD,808.59
XOF/PHP,707.62
NPR/NPR,403.91
ANG/GMD,778.29
IDR/COP,842.82
NAD/JMD,116.62
XTS/RUB,821.04
MOP/QAR,512.87
ZMK/TTD,324.42
COP/DZD,971.10
IRR/TJS,930.46
XBD/PKR,67.22
HTG/BAM,171.67
FKP/CRC,642.31
VEF/INR,527.40
BYR/UGX,457.41
NZD/XBB,7.69
ALL/LYD,542.19
SEK/CLP,274.83
LSL/HTG,411.98
LSL/HNL,294.72
ZWL/ZMK,848.27
HUF/XBB,913.50
HRK/GYD,914.59
SHP/LBP,64.63
SEK/AUD,67.72
TRY/ZAR,807.57
PYG/BAM,134.80
MOP/NZD,954.56
AOA/CLP,19.51
SGD/MWK,53.27
CZK/ZMK,477.14
MVR/MOP,553.50
PAB/GMD,562.57
MOP/CLP,222.81
XOF/LKR,377.38
TJS/GIP,499.14
MAD/MAD,350.45
KHR/AFN,630.76
NGN/MVR,597.79
UYU/TTD,782.53
XCD/PKR,292.04
XPF/PAB,505.46
VUV/CHF,823.02
NOK/JPY,50.89
UGX/GEL,815.04
BOB/YER,683.57
GBP/RON,756.14
TJS/PYG,242.23
DJF/EUR,661.19
DKK/ERN,27.75
MKD/STN,173.50
UAH/RUB,891.14
EUR/MYR,226.19
AMD/CRC,889.37
PAB/ETB,960.32
AZN/MAD,794.12
GEL/MMK,489.31
RUB/IQD,713.66
BTN/XPF,775.10
JPY/MVR,309.05
SOS/NZD,686.24
KHR/STN,558.31
COP/YER,304.91
RUB/QAR,917.83
MYR/IDR,453.32
LAK/SCR,513.72
EGP/RON,609.10
BHD/SEK,419.50
UAH/ANG,150.02
SYP/MAD,958.27
BRL/SVC,657.23
MKD/XBC,911.42
PGK/RSD,677.04
FKP/XBD,629.45
MYR/YER,2.67
CVE/MXN,342.82
MNT/KPW,90.48
FKP/LBP,863.70
GHS/AED,249.59
LAK/KYD,384.15
CVE/IQD,51.43
UAH/BRL,892.57
AWG/USD,293.36
CNY/GNF,991.76
XTS/DZD,879.76
VND/ARS,586.01
XBC/BZD,327.31
KRW/UYU,673.20
XDR/BDT,262.49
VUV/IDR,583.26
AUD/VUV,9.83
MDL/UGX,636.80
QAR/AUD,855.67
MWK/HTG,288.74
USD/KWD,96.30
TTD/PKR,733.73
BDT/NOK,200.55
XCD/XBB,905.19
OMR/KYD,597.57
CUP/AZN,301.33
SHP/KPW,74.47
CAD/BMD,336.64
HRK/TRY,92.21
PKR/TMT,702.92
LRD/DOP,370.52
XBC/DZD,262.08
QAR/XFU,214.09
XAG/XBC,596.74
TZS/NGN,886.70
MUR/MMK,617.50
AFN/XAF,703.64
SRD/MMK,625.61
AZN/XBC,464.07
VND/INR,390.95
XPD/CRC,257.62
CLP/LKR,793.66
EEK/FKP,264.95
BRL/XBB,313.15
SOS/MUR,38.07
MOP/BZD,867.31
UYU/HNL,186.41
RON/BWP,935.90
PYG/CDF,157.02
KRW/CHF,566.77
XBB/RUB,948.44
XAF/XBC,20.44
NIO/DKK,55.76
SRD/PEN,388.30
GYD/CUP,533.15
HKD/SOS,268.94
XAF/GMD,142.27
PEN/KWD,185.29
SAR/TOP,266.13
SRD/LAK,948.26
KPW/RUB,309.68
KZT/JMD,714.79
SBD/TND,800.37
TWD/KMF,590.44
ARS/KWD,621.24
BRL/ANG,617.68
ILS/LAK,371.91
XCD/LAK,730.57
MNT/AED,786.50
HUF/TWD,644.99
UYU/DKK,879.62
MZN/MYR,384.22
LBP/SAR,172.72
TRY/CVE,464.72
SLL/XTS,31.12
XPD/MXN,302.63
AMD/ZWL,468.78
JMD/XOF,887.40
XCD/XBA,867.12
ALL/MZN,730.26
TTD/CUC,114.92
TND/USD,138.57
XPF/DJF,179.62
TOP/QAR,525.44
COP/BIF,754.48
PEN/RON,350.08
CHF/XAU,206.32
DKK/NZD,825.80
MOP/LAK,63.59
PEN/TWD,617.76
JPY/BZD,475.23
KES/ZAR,518.35
ANG/XAG,359.48
LSL/XFU,515.81
FJD/XPD,81.27
XBB/MKD,542.83
XAF/BDT,993.29
UAH/ALL,674.51
MAD/LKR,691.91
XOF/FJD,420.39
GBP/ARS,495.40
LYD/EGP,455.84
KRW/BAM,149.40
CDF/TJS,512.03
CAD/CDF,687.15
IDR/XDR,564.22
USD/CHF,847.71
UZS/VEF,591.04
RON/MKD,357.18
GMD/SZL,230.52
BYR/LYD,800.16
HRK/XBD,254.87
TTD/SYP,318.18
MMK/VUV,535.87
MVR/CHF,833.34
CUP/KPW,171.10
AZN/SLL,535.17
COP/GIP,274.93
MMK/TZS,835.96
UGX/LRD,271.16
JPY/ISK,411.36
QAR/BHD,546.12
UYU/EEK,666.98
NIO/SVC,168.74
PGK/SLL,169.75
KZT/COP,361.27
ANG/MWK,24.73
MZN/INR,656.91
LKR/SDG,383.44
ANG/INR,488.29
NZD/XFU,309.34
SAR/CVE,794.27
TJS/KWD,195.49
ISK/BRL,446.73
TZS/SGD,234.85
PYG/KPW,659.08
IDR/BGN,989.17
AUD/UZS,667.59
TMT/MZN,838.29
DJF/SGD,190.26
MYR/CVE,502.37
SLL/CNY,615.28
AED/KYD,468.62
EEK/IDR,833.07
BDT/GEL,817.60
NGN/NOK,220.36
TRY/LKR,200.17
IDR/LVL,823.61
STN/RUB,682.48
SEK/IDR,910.17
RWF/ALL,7.66
LAK/CNY,718.37
BBD/NOK,838.55
IDR/BWP,420.75
SYP/GHS,9.03
ZAR/GIP,949.29
CNY/XDR,788.86
KHR/SEK,980.66
PHP/GNF,342.28
KYD/THB,325.88
MAD/XCD,539.49
BDT/SOS,190.81
LAK/MMK,207.60
MDL/BND,868.88
COP/HKD,921.18
SLL/PLN,5.89
WST/ISK,59.39
PKR/AWG,871.45
KMF/KHR,301.02
VUV/NOK,174.25
CDF/XPT,181.94
DKK/CAD,867.59
THB/SLL,436.64
MZN/BWP,645.70
XCD/DZD,768.79
UAH/AMD,796.08
MKD/LYD,77.50
IDR/BRL,833.90
MRO/SLL,351.15
MUR/KWD,949.40
SCR/CDF,161.10
DOP/NPR,201.12
GHS/JOD,974.43
SHP/AED,473.27
RUB/KGS,480.64
TND/MUR,590.97
MVR/STN,955.72
KHR/KWD,774.74
HNL/XFU,437.70
MZN/MZN,285.56
IQD/AZN,870.22
VUV/HTG,8.51
GYD/MRO,325.31
XBA/NGN,512.42
NPR/HKD,650.76
CAD/GEL,311.56
TRY/DKK,407.68
BGN/VUV,599.74
ILS/LYD,911.90
ZWL/EUR,811.71
LYD/BHD,160.97
RUB/IDR,328.72
BHD/PYG,522.60
GBP/ZWL,508.22
VEF/KPW,728.23
TOP/VND,140.07
GIP/XAF,281.73
GBP/RUB,192.85
MZN/PYG,651.96
CZK/BAM,212.94
KZT/BOB,871.79
LSL/NAD,954.96
NOK/ETB,629.51
EUR/COP,392.88
PLN/UZS,164.78
WST/DKK,338.38
AZN/VND,216.37
DZD/MAD,734.33
EGP/DJF,388.25
CRC/XAG,330.20
TMT/SHP,50.17
LAK/PHP,284.65
WST/TZS,433.75
TRY/TWD,15.45
SBD/UZS,304.03
UAH/SBD,173.43
CLP/CUC,542.28
NZD/XAF,924.22
CVE/SZL,994.93
TMT/LSL,457.23
KES/BAM,388.40
RSD/MZN,477.76
XBB/QAR,922.00
ARS/XAF,539.44
OMR/SRD,788.43
HNL/GEL,832.38
TJS/NOK,678.52
CZK/BZD,466.21
IDR/RWF,745.04
AFN/LSL,340.56
XOF/AWG,309.24
YER/PHP,762.86
MGA/MGA,122.78
MZN/GMD,224.76
ILS/KHR,413.77
AOA/PYG,915.26
GNF/AFN,378.99
AED/ISK,932.42
CUP/TWD,347.64
SEK/GHS,312.39
LTL/BMD,95.19
STN/FKP,673.35
TJS/USD,211.49
TTD/MNT,581.69
MAD/KMF,761.54
BSD/HNL,876.31
BWP/ETB,894.98
ETB/CHF,507.15
SVC/STN,204.19
XAU/MGA,554.81
CDF/XBD,597.79
SHP/MOP,357.51
BYR/KYD,197.92
SCR/AOA,194.72
NIO/SEK,824.54
MNT/MRO,394.03
JMD/UZS,32.96
SVC/RSD,90.07
DZD/AED,604.46
SZL/BDT,332.40
MNT/QAR,659.86
AOA/BRL,750.16
BWP/XAF,989.29
UYU/KHR,47.68
NOK/ZMK,20.96
COP/SAR,287.31
GIP/BND,161.87
VEF/CUP,208.99
RWF/ERN,601.68
BOB/XTS,388.78
BND/MKD,794.43
IRR/INR,609.86
IRR/VEF,576.58
AED/MUR,682.55
FKP/MYR,362.05
TRY/CUP,715.05
TRY/ILS,266.27
MWK/IDR,340.31
BZD/LAK,777.91
JOD/AZN,912.11
BDT/UAH,937.40
AOA/SHP,171.37
NAD/EUR,262.02
XBC/RWF,190.23
JPY/UZS,742.77
TRY/LSL,951.73
ANG/PHP,564.94
IQD/XBB,928.05
ZAR/NOK,400.22
SEK/UAH,19.74
CAD/ERN,882.30
BGN/NGN,288.92
ALL/MYR,327.97
FJD/DKK,15.24
BAM/CHF,652.53
KMF/XDR,345.02
CNY/IQD,684.06
FJD/BBD,163.80
FJD/SVC,560.73
NIO/LYD,474.23
SYP/UZS,714.44
BRL/VEF,685.99
MAD/XDR,905.47
BZD/BOB,815.41
NAD/DOP,760.37
QAR/TTD,987.94
AUD/DZD,780.93
HNL/AMD,515.37
EUR/PHP,832.68
YER/MNT,109.49
XBD/KHR,127.76
XFU/DOP,692.65
COP/VUV,312.17
UAH/KHR,692.34
KWD/COP,395.00
XPF/TJS,488.49
OMR/CLP,488.14
THB/BGN,799.06
HKD/KGS,304.92
SOS/SEK,69.24
PKR/SZL,722.36
UGX/NIO,233.82
MVR/PLN,808.77
COP/AFN,581.94
WST/BWP,506.48
LRD/LAK,505.51
BBD/ZWL,281.89
XOF/DOP,561.34
XDR/KMF,30.01
JPY/XTS,17.02
BSD/LRD,30.99
ARS/UAH,102.47
CDF/KZT,779.58
PLN/SCR,303.68
NPR/SBD,197.67
XPT/CLP,251.41
NAD/XAG,265.90
LKR/SAR,446.61
KYD/CAD,429.86
TMT/ILS,754.83
XAG/DKK,170.79
KMF/VND,49.57
LVL/ILS,95.38
DJF/BZD,290.73
INR/CVE,891.98
FKP/LAK,189.65
ANG/HRK,976.75
TJS/XAU,635.62
UAH/DJF,620.24
BWP/PLN,164.04
PKR/RSD,856.89
AZN/NZD,885.00
EEK/CUC,858.89
BRL/DKK,491.49
AMD/MUR,751.87
JPY/BDT,480.62
JPY/KRW,877.22
EUR/KMF,323.53
AFN/PGK,308.94
ZMK/XAU,254.86
MWK/TMT,706.05
FJD/AMD,219.59
CUC/MZN,485.36
LVL/BIF,815.66
CDF/NPR,78.50
KPW/XBC,25.29
XOF/BYR,913.07
LSL/MUR,8.49
TZS/TJS,494.67
ERN/BTN,143.59
UZS/NPR,222.58
CRC/CUP,41.53
FJD/GYD,369.20
MUR/MWK,550.08
KPW/XFU,898.44
BND/AMD,672.79
MZN/CRC,138.44
UYU/FKP,518.04
UGX/TZS,689.96
ZWL/KRW,316.82
OMR/XBC,528.76
HRK/SDG,646.27
KMF/XBC,941.09
DOP/UAH,865.97
GMD/TMT,160.14
MDL/ETB,145.99
INR/CRC,243.58
EGP/JOD,288.09
UYU/BGN,551.81
PEN/CNY,717.05
NOK/LYD,374.18
UAH/AED,942.37
HKD/XPF,137.67
LSL/LYD,175.00
DOP/EEK,48.78
NGN/PLN,951.20
JMD/VEF,564.21
DJF/VND,279.72
XPF/VND,212.23
AFN/SZL,866.69
SAR/KWD,276.58
PLN/HRK,968.26
TOP/ALL,140.95
MYR/AUD,476.65
TMT/HTG,941.46
PYG/TMT,815.36
RSD/LAK,515.80
MRO/CDF,308.80
KMF/SYP,593.05
MAD/KPW,79.08
AWG/BGN,342.18
KES/BZD,359.18
XPT/TTD,633.57
GHS/MMK,992.11
IQD/FKP,726.10
CVE/SGD,59.78
LBP/JPY,278.50
SEK/KPW,619.39
CUC/KPW,655.52
INR/BSD,932.51
JOD/PYG,781.70
BGN/GMD,624.99
KYD/PLN,456.68
CRC/YER,777.62
XPF/BDT,769.41
XBC/CUC,280.21
PEN/STN,903.85
BTN/MWK,194.19
HRK/ERN,501.30
XCD/LKR,947.24
AED/KRW,108.58
SGD/HUF,858.72
IQD/XBA,305.81
XBB/PAB,823.26
FKP/ISK,40.24
INR/MGA,560.50
HKD/FKP,505.32
BGN/XPF,464.44
ISK/FKP,924.51
DOP/VUV,344.78
AFN/KRW,630.18
GBP/CVE,934.78
HTG/XBD,695.03
XBD/MZN,472.73
SVC/UGX,374.88
UAH/VND,15.00
SRD/XAG,308.80
MVR/TJS,145.56
AUD/PYG,448.91
TWD/XAG,989.00
EUR/NIO,672.70
OMR/NGN,944.82
NPR/NAD,624.20
OMR/XDR,279.71
FKP/TJS,84.99
MAD/RUB,651.60
JOD/BAM,511.58
NZD/IRR,363.33
LTL/BIF,707.25
TMT/XAG,661.25
MVR/JOD,911.50
KWD/CRC,321.61
VND/USD,807.50
SYP/MUR,645.81
LSL/CZK,970.50
CZK/XBC,483.45
HNL/MXN,53.37
MVR/MAD,810.31
BRL/RSD,951.87
GBP/JOD,165.60
MOP/TMT,554.46
FKP/JOD,814.06
ERN/SHP,694.88
FJD/MWK,310.74
ISK/TOP,302.33
XDR/HUF,846.92
XBA/CVE,929.95
SGD/ISK,983.95
SYP/NPR,402.74
IRR/IRR,754.41
ALL/CUP,971.41
MAD/DKK,758.29
ZMK/QAR,745.29
CAD/HUF,512.30
AWG/EGP,274.54
KWD/PAB,163.76
MWK/AOA,234.53
PAB/PKR,26.10
PKR/GBP,738.27
FKP/JMD,388.65
GTQ/STN,48.92
NOK/JMD,426.45
JMD/TZS,757.19
DZD/LBP,263.26
UYU/CLP,433.28
UZS/BWP,308.57
AOA/HTG,127.28
BGN/HKD,49.22
MDL/MGA,502.24
LRD/SYP,891.43
MGA/XBB,961.63
IRR/SLL,498.49
SOS/CDF,193.69
XAU/PKR,283.31
CDF/MVR,434.53
XBD/AWG,858.64
UYU/GNF,249.94
CZK/THB,313.45
IDR/XBD,977.38
MKD/SVC,238.07
KYD/RSD,721.64
KZT/TZS,527.63
EUR/NAD,960.59
CUC/IRR,952.84
AWG/UZS,689.84
BDT/SAR,153.21
XPD/QAR,576.32
THB/MZN,295.20
XBB/AOA,371.27
DOP/UYU,806.74
FJD/USD,248.93
EGP/MYR,27.27
CZK/CDF,72.04
ZMK/JOD,563.22
SDG/NOK,116.68
BOB/SDG,412.48
AWG/AZN,56.87
XBB/KWD,431.62
DZD/CRC,877.47
BHD/MZN,993.76
QAR/VEF,719.64
SAR/TJS,880.73
BND/NPR,481.71
SHP/SLL,511.32
TRY/EEK,792.78
MZN/DJF,472.92
RWF/ARS,564.60
GTQ/SGD,461.98
SBD/AFN,77.77
LRD/VEF,415.90
XBD/RUB,913.81
MXN/XPT,921.07
HTG/HKD,48.72
XAU/ZMK,500.20
XPD/IRR,667.01
RWF/UYU,521.29
FJD/KYD,181.40
AZN/CDF,804.35
SHP/GHS,573.42
UAH/YER,280.06
PGK/ZAR,732.25
GBP/FJD,832.09
AMD/CLP,677.95
XAG/BAM,695.50
ERN/XAG,642.50
ZMK/XBB,630.47
PGK/KHR,166.63
HNL/SAR,22.06
UZS/XBC,801.77
MOP/JMD,818.33
EUR/XOF,435.99
MMK/IDR,983.62
VND/MOP,518.44
XAG/UGX,840.91
UZS/MWK,45.92
BIF/BIF,449.27
ZWL/TTD,160.07
NAD/XTS,216.92
KYD/VUV,588.61
XCD/SOS,114.34
JOD/SHP,217.43
JOD/GNF,955.37
BAM/CUP,892.93
HRK/QAR,327.85
AED/SBD,978.55
DOP/NZD,571.84
OMR/EEK,896.21
HKD/MZN,595.39
DKK/MYR,231.08
UGX/DZD,252.52
SYP/BZD,858.20
ZAR/LKR,597.40
BGN/LTL,261.51
RSD/AZN,887.55
SDG/BAM,202.77
JMD/XCD,786.21
CZK/CAD,868.82
UGX/INR,858.42
XAG/XTS,46.46
BWP/GYD,934.12
KGS/EGP,295.35
VEF/ZMK,55.71
DKK/ILS,614.13
MUR/USD,95.49
MDL/LSL,485.09
HRK/STN,65.10
CLP/EEK,981.76
CUP/MOP,826.09
LRD/GHS,475.36
IDR/XBC,732.13
UZS/AUD,644.28
KGS/RON,356.50
SBD/DZD,691.45
EUR/SBD,617.91
VUV/PGK,614.66
AZN/XFU,722.59
CZK/EEK,802.57
ZAR/HUF,314.65
CDF/IRR,955.81
BRL/PYG,854.61
INR/NOK,734.26
NPR/GIP,571.25
XBB/THB,790.98
SBD/SAR,549.25
SLL/XBD,960.13
UZS/JOD,838.58
UYU/ILS,722.11
DKK/MZN,630.89
HUF/CUC,638.14
KMF/KES,259.72
FKP/USD,580.45
KYD/KPW,301.65
DZD/MWK,170.46
TOP/XDR,654.49
RSD/NAD,818.99
CRC/ISK,161.72
BOB/JOD,341.23
SYP/LVL,797.44
LKR/XAF,842.77
IDR/INR,913.44
SLL/JOD,590.08
UYU/THB,70.12
TWD/COP,120.02
AUD/LVL,498.95
KZT/FJD,608.24
HTG/XCD,501.70
VEF/SCR,905.95
MDL/XBB,643.60
CUC/XAU,272.89
TOP/GMD,480.19
ANG/GTQ,983.63
HNL/UZS,554.17
ETB/QAR,902.60
TWD/DOP,191.85
MMK/LSL,199.86
SRD/SDG,724.10
ILS/TWD,264.73
KMF/QAR,64.88
AZN/KGS,135.36
MDL/CRC,646.50
BSD/KYD,342.99
PLN/XPF,350.87
PYG/LBP,187.95
BSD/TOP,215.65
GHS/KGS,151.67
MNT/ILS,342.63
TWD/BRL,186.04
BIF/UZS,36.96
TMT/FJD,798.92
CAD/MUR,452.95
GBP/SZL,381.35
PYG/LVL,5.14
BBD/BHD,471.88
BDT/AWG,42.37
MMK/BWP,264.53
WST/XPT,664.14
BMD/AMD,451.23
UGX/GMD,292.03
AFN/CNY,941.01
BWP/BDT,458.43
STN/MUR,932.63
SBD/KRW,78.52
TTD/ALL,358.00
KHR/ALL,157.95
NIO/IQD,276.08
LRD/IRR,26.28
BYR/MYR,399.04
GTQ/MRO,978.61
NAD/CHF,454.62
BZD/LVL,94.90
RSD/BBD,896.99
JMD/FKP,276.35
UZS/JMD,662.08
NPR/EUR,196.27
SOS/PEN,570.45
XPF/ARS,239.21
THB/IRR,882.17
ISK/HKD,904.38
AOA/JOD,347.27
IQD/SYP,265.60
DZD/BRL,315.66
VEF/WST,868.99
IRR/AWG,844.68
DJF/LBP,819.94
XBC/BHD,98.83
COP/COP,978.50
NPR/BZD,82.29
MRO/NGN,860.23
XPD/SLL,927.32
DZD/INR,535.73
UZS/RUB,272.87
GIP/ARS,972.70
KWD/RWF,123.87
AED/MXN,676.93
HUF/STN,713.88
MZN/EUR,264.48
KHR/SZL,992.87
KYD/TZS,30.00
XPF/VUV,939.56
CUC/LVL,125.39
NZD/BSD,943.59
MZN/KZT,207.42
AOA/SOS,582.34
NAD/COP,704.02
NIO/JMD,555.96
INR/KGS,105.00
ZWL/IRR,343.06
LVL/MVR,275.61
MNT/ETB,471.92
UZS/BRL,25.32
CVE/BOB,781.97
IRR/PHP,546.85
KPW/PYG,944.76
PAB/USD,675.41
AMD/AUD,142.77
CZK/KPW,63.63
MXN/FKP,233.83
MWK/GNF,538.06
KRW/AFN,59.12
KZT/NIO,297.59
MYR/HTG,943.99
BND/USD,538.81
ALL/TZS,51.29
FJD/MZN,918.90
TRY/MWK,822.02
RUB/KYD,924.29
STN/BOB,152.49
MAD/AUD,985.15
ZMK/AMD,482.39
XAG/BOB,305.98
CRC/HRK,246.34
LSL/UAH,852.17
LRD/OMR,964.81
ANG/RWF,221.88
GNF/SAR,322.01
MXN/KYD,108.24
MYR/PLN,286.66
BWP/XBA,140.66
LVL/YER,263.98
GIP/VUV,993.83
ANG/VUV,635.44
HKD/XBB,806.68
DKK/GTQ,388.32
JPY/BMD,902.00
BMD/AFN,753.75
TRY/ERN,726.02
CUP/TJS,27.94
ETB/XPF,448.46
ISK/TND,534.16
SAR/XPT,650.24
CAD/BHD,30.64
ERN/VEF,454.80
INR/MUR,970.88
MWK/CRC,641.97
IDR/SEK,181.40
LBP/KPW,404.78
KRW/XPF,156.14
MDQNF,145.90
SOS/ALL,882.00
GMD/BND,631.67
KRW/BND,952.51
BDT/SCR,357.91
RWF/CNY,793.22
LTL/YER,165.94
RWF/QAR,778.97
MDL/CHF,929.81
XFU/ISK,582.04
ZMK/AZN,722.88
GIP/MAD,353.40
JPY/LKR,34.53
XBC/GBP,776.98
MDL/XPT,93.18
THB/BAM,274.09
XBA/BAM,65.29
CRC/VEF,662.15
DKK/CRC,137.31
SBD/SCR,150.50
GMD/GEL,149.29
TJS/SBD,165.15
TND/WST,96.00
TND/SAR,896.35
AOA/NOK,704.03
KHR/XBA,450.99
TND/GMD,832.15
LAK/LKR,275.34
LRD/XAG,791.54
NOK/MAD,881.29
GMD/GMD,322.84
CDF/AZN,40.48
BHD/CUC,917.24
CDF/MMK,952.10
ALL/NPR,623.22
KES/IDR,258.66
HTG/PLN,632.30
AOA/MWK,41.32
SLL/XPF,277.53
USD/OMR,13.46
GTQ/RSD,222.38
HKD/SRD,123.03
TJS/GHS,823.95
CHF/INR,143.99
BDT/CUP,305.06
KWD/CAD,95.06
HNL/MGA,499.63
LKR/MVR,873.27
XPD/BTN,937.46
LYD/XTS,180.72
SDG/CDF,905.59
GBP/ZAR,979.82
AZN/KYD,44.10
MKD/PLN,254.28
ALL/CDF,6.85
BGN/XPT,498.29
TWD/XBC,786.00
YER/ZWL,735.32
MRO/HRK,248.48
TWD/LVL,906.92
AFN/LBP,961.07
ZWL/AOA,890.60
USD/MMK,987.44
KPW/XAU,48.52
GTQ/CHF,259.20
GHS/SEK,682.40
DJF/MUR,436.16
SDG/INR,82.43
KGS/CUP,153.76
YER/UZS,834.52
HRK/XDR,641.78
AWG/GHS,23.97
FJD/BTN,384.62
DOP/SDG,123.85
SBD/XAU,928.12
ZAR/CZK,26.26
TTD/LYD,341.20
TJS/ILS,952.01
YER/MWK,591.29
CAD/STN,608.97
TWD/KWD,951.36
MWK/PLN,958.88
BND/GEL,337.87
NZD/QAR,610.82
TZS/XAG,975.70
ILS/MYR,343.01
JMD/AOA,996.38
ZMK/TMT,662.95
BSD/MRO,945.25
LTL/NAD,124.93
ERN/AUD,472.66
BIF/DKK,896.98
ERN/RUB,792.84
LTL/XBC,370.61
BSD/SEK,52.39
YER/BYR,331.78
SCR/RWF,135.59
BHD/GTQ,775.43
XDR/NGN,884.79
MAD/AWG,622.66
SOS/ETB,658.90
HTG/MGA,417.21
HNL/SBD,719.51
HUF/BBD,102.95
KWD/AOA,538.94
TND/DJF,881.62
EGP/NPR,595.21
MUR/LRD,920.25
XPD/RON,326.17
IRR/COP,980.59
KHR/UAH,157.09
HUF/BYR,833.99
KZT/SCR,144.03
EEK/XAU,639.51
SAR/BGN,955.56
XBC/MZN,2.19
CRC/MWK,552.73
LRD/MDL,376.62
XAF/LSL,72.83
BDT/GYD,916.18
PEN/XBB,686.02
AMD/TZS,773.21
PKR/MGA,137.17
JOD/BTN,28.82
XBD/SZL,361.86
SHP/XBB,744.80
UGX/LBP,231.13
JOD/INR,14.00
IDR/KRW,71.46
DKK/AUD,596.34
EUR/ANG,890.66
GIP/STN,565.77
MWK/SAR,67.22
WST/LBP,968.63
GTQ/CZK,950.07
IDR/TTD,534.15
KHR/UGX,239.37
BMD/GEL,234.93
ERN/HNL,71.88
PAB/XFU,94.08
BGN/CNY,747.81
KYD/GIP,76.13
KHR/CUC,336.79
ARS/IQD,964.66
BMD/CAD,967.84
XAG/NOK,638.66
TND/SYP,752.95
ANG/CVE,153.33
TJS/JMD,415.05
XPF/NOK,50.19
UGX/BMD,779.05
VEF/XBA,758.98
FJD/XTS,702.60
TMT/SVC,968.61
PYG/GTQ,936.65
LYD/RWF,885.69
DOP/BYR,280.03
AFN/ARS,690.69
GMD/BDT,741.09
LVL/BMD,794.14
OMR/YER,650.49
BRL/MZN,581.21
SRD/XBC,848.79
UYU/HTG,729.83
SDG/ISK,89.93
BMD/HUF,591.32
FJD/XDR,766.78
SBD/GNF,175.40
CUP/DOP,689.43
KHR/COP,421.41
GMD/MKD,762.82
PKR/XFU,317.80
HKD/TOP,304.73
TRY/AMD,978.75
XFU/COP,168.38
XDR/CRC,609.88
GEL/CUC,436.42
NGN/PAB,172.51
EUR/USD,60.99
KYD/SLL,723.20
MRO/AMD,991.85
UAH/EEK,77.80
AFN/XBA,598.95
TWD/SCR,21.27
PHP/SCR,817.29
FKP/BRL,131.69
BBD/DKK,863.17
ALL/BAM,98.61
EGP/SDG,31.98
BYR/HUF,64.38
MGA/XAF,254.11
XAF/PHP,548.69
SAR/ERN,493.84
PKR/XBA,277.75
ARS/SCR,443.59
PHP/NAD,166.60
VEF/SGD,227.35
MWK/XBD,606.96
UZS/HKD,874.73
MUR/AMD,376.52
FKP/SHP,871.89
GIP/XAU,577.55
HKD/MDL,463.90
STN/MYR,993.64
RUB/JOD,287.37
MZN/LSL,461.24
BZD/GNF,454.25
HTG/NZD,723.85
XBB/TRY,800.23
SZL/SVC,326.76
FKP/BHD,449.27
IRR/MOP,107.52
NOK/SLL,629.70
AOA/MRO,17.89
BHD/VEF,802.29
ALL/MKD,572.68
BWP/ILS,982.26
USD/LBP,827.52
PAB/IQD,912.53
LVL/XBD,958.24
MYR/NIO,728.15
GYD/AZN,668.17
SRD/KES,143.42
IQD/GBP,625.05
BTN/LVL,167.30
MWK/NIO,214.13
ISK/PGK,823.97
MYR/RON,26.99
AOA/ERN,535.16
BOB/LTL,1.78
MOP/PEN,382.53
CLP/VND,829.46
TTD/RWF,297.78
ZWL/KGS,684.47
BAM/HKD,851.31
ZAR/DOP,414.30
RUB/AED,613.91
USD/XBC,605.31
HNL/TZS,733.89
SVC/ALL,356.05
CLP/LBP,677.44
RWF/GYD,139.32
NOK/UYU,298.38
KPW/PEN,705.22
GEL/HKD,615.11
CZK/CVE,146.59
LRD/LRD,918.99
BWP/AWG,475.95
KES/COP,475.45
VND/KES,870.91
XAF/GBP,184.34
KPW/PKR,399.83
AWG/MOP,694.43
DJF/ARS,916.49
AFN/NIO,648.37
PLN/YER,203.72
PEN/HKD,434.13
ZWL/JPY,838.84
TWD/LSL,826.34
PYG/SHP,73.24
CZK/MYR,637.28
AOA/NAD,427.26
MRO/XBA,188.69
ZWL/DKK,798.45
YER/TZS,944.23
USD/SAR,619.82
XTS/NGN,809.75
GBP/XOF,945.23
CRC/TZS,166.57
CAD/TWD,388.00
XPD/MNT,958.78
GEL/SLL,376.95
AED/NPR,93.63
XAU/BDT,556.48
LBP/SHP,280.80
XFU/CVE,588.83
LKR/ZAR,369.78
DOP/BBD,438.21
NAD/YER,9.94
XTS/IQD,20.71
BMD/CZK,295.15
FKP/XAU,348.01
ZWL/BZD,551.53
CNY/MKD,664.25
KHR/XFU,817.44
BIF/COP,982.71
GHS/BIF,135.03
XOF/XDR,381.29
SDG/BOB,36.10
BAM/BTN,647.59
KGS/XAU,980.17
CUC/CDF,775.06
AED/XTS,778.97
XTS/KHR,660.65
NIO/MXN,718.77
CDF/LYD,250.18
GHS/GHS,950.62
MDL/AED,499.93
SDG/UZS,760.99
NZD/INR,995.29
TWD/THB,336.84
TRY/AED,973.75
BYR/NZD,309.38
CZK/XDR,87.46
BRL/KPW,912.13
RSD/GYD,807.39
XFU/XPT,306.20
EGP/INR,137.95
GNF/GNF,635.69
LAK/XDR,59.53
SYP/PLN,833.94
AMD/BZD,995.92
VND/XAG,828.90
ETB/DZD,805.63
LAK/HTG,778.09
XDR/UZS,289.27
VND/XBA,875.73
XPT/SLL,524.44
MYR/STN,981.02
AFN/AUD,961.52
NOK/KES,484.79
XPD/MYR,428.46
CLP/VEF,909.13
GEL/UZS,518.98
GMD/VUV,407.83
BND/NIO,183.71
MKD/ARS,597.98
ISK/ERN,432.97
MKD/EEK,837.72
QAR/KWD,30.62
MAD/THB,638.21
CVE/XPF,869.86
DKK/SOS,677.22
DJF/ISK,14.65
PEN/ANG,683.87
NPR/BGN,321.40
KES/ANG,38.64
PAB/PHP,464.07
MVR/SYP,752.12
CVE/XTS,10.04
SGD/NOK,676.50
SVC/XBA,997.08
MMK/ILS,745.60
AED/GMD,976.57
PGK/BND,813.66
INR/RSD,984.25
XBA/LSL,946.16
BWP/MZN,973.34
XPF/VEF,882.56
GIP/USD,429.50
INR/SHP,374.45
INR/IRR,426.18
KPW/RON,518.91
SZL/EGP,799.46
PAB/AFN,510.50
TMT/TOP,908.38
FJD/WST,64.62
TOP/SZL,790.39
VUV/BOB,679.63
VND/TJS,728.42
SOS/CZK,209.41
GTQ/WST,873.23
RON/IRR,300.23
YER/PEN,605.07
GIP/XCD,421.32
MMK/SYP,964.08
JOD/XBB,318.70
HNL/MDL,814.25
MOP/GHS,121.77
KES/BSD,456.70
XPF/HTG,250.63
PYG/ERN,411.66
DZD/JOD,772.32
GMD/RWF,970.98
CUP/SEK,285.02
MXN/LSL,487.71
AWG/RSD,682.86
BHD/NIO,932.56
KZT/ZMK,705.32
TMT/AED,423.58
PEN/DOP,237.55
DKK/UYU,624.65
CUC/XBC,550.41
AZN/QAR,408.21
MNT/XCD,656.16
JMD/SVC,212.03
SAR/MUR,350.95
BAM/IQD,877.76
BDT/NZD,504.15
HTG/BIF,775.48
HUF/ILS,256.77
CUP/XBD,248.24
PLN/BIF,784.44
ZWL/GIP,23.70
VUV/MVR,800.63
XPF/GBP,803.28
KES/RUB,696.85
ILS/BBD,140.53
XBA/ALL,555.25
TRY/SLL,849.58
UGX/ZWL,665.55
MMK/XBB,131.91
CUP/BWP,851.57
PEN/PHP,425.86
NIO/BIF,178.88
MMK/ZAR,962.80
UGX/XAF,653.86
KES/AMD,547.93
ILS/SBD,514.44
XBD/DOP,22.79
GHS/PEN,225.52
EUR/JMD,132.07
MMK/MDL,85.07
NGN/BOB,256.06
BWP/TJS,490.87
AOA/UAH,584.77
EGP/XAU,322.81
FKP/MDL,892.01
MWK/BWP,948.91
DJF/MGA,209.29
HKD/SGD,613.13
SVC/GIP,440.95
QAR/CUP,310.10
DZD/EEK,346.28
MNT/BTN,199.93
GYD/XCD,2.38
GMD/PEN,627.22
DOP/BRL,748.62
GHS/NIO,170.35
GYD/KHR,481.74
ZAR/BDT,790.86
XBA/UGX,542.34
XBB/MGA,377.30
GTQ/SVC,855.75
XBC/GYD,758.03
XBA/DOP,105.64
TMT/MVR,773.08
MAD/BRL,124.55
MZN/XAU,229.34
SAR/JMD,693.37
SZL/TRY,558.17
AOA/HKD,803.01
PAB/KWD,363.31
DKK/UGX,481.35
VEF/GHS,549.96
UAH/MYR,124.70
TMT/RSD,163.17
HNL/SOS,528.38
NPR/SGD,532.83
MGA/SHP,215.87
DJF/PEN,480.46
RWF/XAG,804.84
XBB/BMD,191.62
ILS/NOK,345.97
CHF/CNY,236.45
HTG/BMD,224.60
PHP/CHF,821.81
MXN/TRY,505.29
SDG/XAU,225.94
GMD/GIP,176.49
LVL/XDR,335.58
LAK/AFN,905.24
JPY/CAD,377.59
NAD/HTG,32.70
LKR/MWK,231.93
AFN/AOA,683.18
CNY/XBD,754.76
LVL/XFU,229.32
EEK/UZS,498.02
TWD/SHP,385.23
BTN/KGS,811.69
SEK/KYD,198.26
MZN/MMK,662.68
SDG/PKR,255.54
JPY/HKD,651.11
ARS/EEK,810.12
NAD/ZWL,77.63
XBA/AZN,828.75
TND/VEF,796.32
XBC/JPY,75.22
AUD/IRR,839.21
ANG/LKR,98.83
SAR/XBB,215.79
MMK/MGA,954.48
ANG/SGD,1.28
SYP/BTN,986.02
MGA/XAG,350.72
ETB/LRD,31.34
TRY/TTD,619.30
BTN/XBB,533.43
RWF/LVL,283.83
MAD/UGX,267.79
BHD/CVE,898.61
GMD/ZWL,52.85
MRO/AFN,357.78
CAD/VND,652.94
TZS/NAD,425.42
TRY/AZN,330.62
KHR/LAK,249.42
CLP/UAH,866.78
DKK/KHR,369.94
GTQ/NZD,933.85
LBP/BBD,30.36
TMT/BDT,147.61
TTD/XAF,404.18
DZD/MKD,282.20
BDT/THB,142.16
LAK/SDG,936.08
XAG/BHD,694.85
XAU/STN,426.33
MZN/KMF,146.96
CDF/UZS,993.06
XAU/JMD,708.96
KES/MZN,150.71
VEF/LVL,337.28
JOD/XCD,236.75
KMF/BND,689.45
TWD/XOF,423.11
XPF/IQD,31.42
LKR/SEK,245.91
LTL/LRD,332.46
BIF/CHF,723.43
SBD/DKK,610.03
ZAR/GYD,964.59
MUR/UGX,101.39
CDF/ISK,543.90
LKR/GTQ,299.65
KMF/BZD,609.83
THB/KRW,897.76
PKR/CLP,998.17
NGN/AMD,384.70
DJF/MRO,747.02
MOP/NOK,579.33
LBP/AUD,929.54
BSD/MWK,705.28
AZN/CLP,905.36
KMF/AED,68.47
IRR/BOB,68.18
MUR/BWP,550.30
HUF/TZS,719.08
THB/BYR,843.86
CUP/BZD,414.64
CHF/GTQ,336.48
AOA/PKR,192.97
LAK/MUR,386.47
PYG/TTD,290.78
RWF/TWD,558.83
CUP/MAD,747.90
AZN/MDL,715.57
RUB/NGN,121.03
VND/BOB,963.49
MNT/ZAR,2.31
JPY/ZAR,299.20
SBD/GIP,3.50
LKR/NZD,534.32
MOP/AZN,646.51
EUR/PAB,323.82
GBP/ISK,65.77
HTG/MYR,46.21
KYD/ARS,860.28
XTS/SAR,982.55
VND/STN,532.33
MUR/XBB,38.32
FJD/VEF,696.68
RSD/SVC,41.63
DKK/PYG,399.95
MOP/DKK,413.73
SZL/GYD,779.42
BBD/GYD,445.43
BHD/XCD,431.92
OMR/VEF,168.28
MWK/XAG,621.27
BTN/BND,872.81
PYG/SZL,312.34
XBB/MAD,402.06
LRD/RON,917.82
CVE/JPY,386.94
SCR/LBP,417.06
BTN/WST,578.12
ALL/XPF,810.61
BZD/USD,985.07
CUP/TRY,551.75
YER/LKR,894.26
MMK/MVR,776.73
ZWL/PKR,34.69
AZN/KPW,382.38
MXN/MNT,447.82
RWF/FJD,575.83
KMF/MVR,395.22
CUC/VUV,58.77
MZN/XOF,581.54
XPD/TZS,2.70
MKD/MUR,21.97
ERN/INR,690.02
EGP/TND,736.52
YER/KGS,311.52
SHP/SYP,376.32
LVL/TMT,639.80
HRK/SAR,151.34
CUP/BAM,986.53
MAD/CHF,877.05
ETB/KPW,779.40
DJF/YER,302.47
LAK/BSD,283.65
DOP/UZS,952.75
BDT/GIP,342.22
KHR/RON,129.51
XAU/ALL,986.86
KES/RSD,601.45
JPY/ANG,616.50
LVL/SEK,259.57
YER/CHF,906.77
FJD/CUC,487.65
PKR/XAF,235.60
MMK/UYU,875.21
ISK/PKR,430.81
BBD/XAG,638.07
RWF/VND,261.59
BND/JPY,661.99
RUB/DZD,659.25
SAR/MVR,952.13
KHR/NGN,837.90
XPF/ZAR,384.20
SLL/SRD,386.66
TMT/GHS,850.38
CAD/AMD,165.57
XPT/CUC,599.30
CUC/MVR,182.78
SHP/SGD,575.81
GMD/XBD,90.53
UZS/XPT,541.50
DZD/NZD,747.14
TWD/FJD,265.72
BMD/DZD,591.59
JOD/MXN,933.56
EGP/BTN,205.67
KYD/WST,249.28
BSD/MMK,610.61
SEK/LVL,823.97
BTN/CUC,692.46
BSD/BYR,252.87
PKR/PAB,460.95
AFN/MKD,974.38
OMR/GTQ,778.73
USD/RON,799.20
SBD/SVC,674.77
KHR/TZS,515.05
RON/HUF,786.37
XPT/LTL,814.81
ETB/GYD,305.72
BWP/KES,673.45
THB/DZD,114.73
BHD/BDT,977.81
SCR/MOP,492.08
BDT/XAG,34.40
BIF/ERN,39.15
KGS/ZMK,395.20
HNL/TND,915.80
ZWL/EGP,433.27
XBC/CLP,787.18
XAU/NPR,742.92
MDL/SZL,946.72
MVR/DOP,411.05
DJF/MYR,510.92
SEK/KMF,75.00
KZT/XBD,512.44
BMD/SHP,641.05
ETB/TJS,896.06
VUV/SBD,302.04
MXN/NPR,669.54
TJS/HKD,181.52
NPR/HRK,27.46
XBC/ARS,437.62
CNY/BZD,969.53
GYD/ETB,406.38
SYP/ILS,491.17
UYU/MOP,863.52
ETB/CLP,605.47
BGN/PKR,587.47
CUC/KZT,175.61
BZD/LBP,650.52
BWP/DKK,812.93
NGN/INR,367.97
BYR/NOK,270.09
VND/NOK,417.08
TOP/MKD,426.77
ZWL/XAU,769.32
TZS/FJD,773.64
UGX/XBD,557.20
ANG/GBP,894.41
BMD/UGX,810.47
LAK/XBA,333.48
IDR/LSL,177.35
LYD/MUR,36.79
SZL/HNL,949.54
NAD/NZD,306.15
DKK/TJS,49.90
CRC/GYD,463.46
HUF/USD,703.73
MMK/MNT,286.76
BDT/XBC,33.72
GEL/HTG,618.99
ARS/XPT,484.33
LSL/LBP,145.26
AMD/XPD,124.20
KMF/OMR,645.99
MVR/GIP,677.10
USD/CAD,8.28
EEK/XAF,85.70
TZS/AWG,543.22
LTL/AWG,175.63
CUC/TJS,789.73
XBB/GIP,328.34
SBD/PLN,257.66
BDT/HUF,136.66
UZS/LAK,929.99
EUR/TRY,578.75
MZN/MGA,140.96
MYR/AWG,93.84
XAU/SVC,648.23
RON/SAR,743.11
COP/VND,867.41
SDG/TRY,338.86
UAH/KMF,407.63
NIO/XBB,859.08
LSL/NPR,848.05
SDG/ZMK,850.11
CUP/LBP,400.83
STN/LSL,19.99
MXN/BWP,100.23
MYR/KZT,441.27
BTN/SAR,400.06
CVE/CZK,901.75
XPT/LAK,300.71
UZS/ERN,141.89
GTQ/TMT,31.53
RUB/ARS,328.61
JEO3E,771.08
N4LV2,749.67
7QBP4,761.04
ZQM0W,687.93
KKDJ9,13.97
VKNHY,718.77
ZZBV4,20.74
3OOI2,5.14
NG2TL,919.69
HSRKS,900.13
8P96Q,19.56
62K4H,727.40
06EZU,908.95
9JWA0,369.62
0GQHY,55.50
6CBJE,543.65
M8UTK,166.31
W18T8,280.13
J78R0,76.70
4L8JT,286.19
2QDA2,276.15
B8AFX,795.89
13Z7V,276.27
494Z3,988.30
O36I6,985.48
SMGAH,101.95
JIII9,775.57
697W4,887.98
VLTQH,27.63
URUUA,115.77
5U3ZR,105.13
WHYTO,601.38
T1N7E,356.04
CEWGW,995.06
RL149,322.76
Z02AL,898.56
RXFWE,982.07
6GLQS,179.48
8ORF0,324.89
Z1TT9,688.86
GV7UK,838.34
T882N,842.90
HBW03,930.42
D64TI,500.70
E3CG0,0.43
DQBCP,372.83
RD60L,532.33
FQRHH,30.44
VW35H,846.24
2UFDJ,757.06
82RVE,975.58
6W87S,751.40
CMVSE,251.91
9279R,936.52
DZIIV,869.75
GU1D2,975.20
5FOKZ,473.39
W4K5H,772.75
UQ90Y,702.45
ZRPEF,912.02
OFVRF,943.21
JV5B6,132.76
PWK4N,977.51
Q47LL,803.93
VIKEA,795.00
TGIWY,418.18
FJRRW,371.36
YA16G,913.89
BM05R,46.87
T565F,156.94
3MQ1M,561.58
A2TDO,986.83
D0NUO,955.24
VUG8F,387.84
Z7OTE,447.85
SHJKW,433.24
R1CT8,865.47
UTEVY,775.57
P78KU,987.87
9AY5E,612.65
6YINJ,569.63
XJ10L,745.13
779ZG,41.74
PEMUZ,270.56
6JO7T,140.19
8AD1A,353.74
O6H7S,349.47
Z3JLD,419.51
JZEZS,125.31
KN491,347.56
RYROT,425.17
RMWX7,209.32
GPDU7,477.03
8P2A0,412.87
4V5W1,745.65
CNGSS,705.58
XRLWZ,865.39
LGF4C,126.49
NSYZ4,705.71
X9UW7,582.25
62C28,1.46
FFEUJ,618.44
GHTM8,983.58
9HZ4U,689.30
PP8QK,195.49
0DM56,988.75
F3IU3,796.15
LZE19,864.07
XWR83,488.68
BSOTY,436.51
V5ZY6,109.73
MCC4W,697.83
VEBHF,784.88
1AY2T,89.81
P9I7N,342.40
WQIEN,198.08
NKZSY,91.02
DAAJK,706.95
C6OHG,663.74
MMKPZ,441.26
BF3SO,68.70
5ZUXZ,951.85
4ALA7,788.58
APUDL,699.31
TVQAA,731.77
PDXJ1,352.25
KYSDL,509.80
4U4I0,542.38
ZGLF0,642.19
ABVH3,742.27
3CONE,567.85
KUX7S,738.98
M4YKH,69.86
MRGNQ,405.61
C1XWF,611.19
3IQG1,951.19
V0QDC,761.55
77OLY,352.43
8I36K,75.07
6PKDK,151.44
LOLQH,557.58
FWR1C,485.40
FPFOG,930.84
JTM1Y,688.80
3H0KZ,237.83
4DFTM,727.34
W707Q,424.44
DY388,387.22
UQQ9X,70.47
00SP2,547.57
AABBM,614.56
W5BC6,158.44
AAJ3D,462.75
91K1A,264.44
E3UST,513.55
UVB77,49.61
6XSKF,829.86
31Z0U,284.27
HNDNQ,957.53
TDHQK,843.23
IF965,478.95
T1GRV,253.77
A159S,221.88
FLXAT,746.41
Y0ZRB,868.65
N9A3A,370.75
G9G0G,627.97
X2EV0,379.27
EX38T,478.62
AUZ9G,391.21
I0II3,436.53
AS8O8,738.59
D7FZ3,631.88
NL846,512.30
WTHYN,883.68
MLYRI,583.30
XPF6D,21.01
O29XS,99.78
RYHY5,461.48
2BQJM,4.43
4U56J,927.81
5THIH,122.58
R9WRV,471.91
IN3I4,94.61
MSXSB,127.71
S87L9,409.42
YKES8,276.23
OWQQX,805.42
YZTTI,892.06
1UN1E,561.57
D5KZ6,121.33
2I97H,477.28
J527U,394.90
ZNIOC,231.84
OU9AS,933.41
1TDAW,303.81
Z5A0Y,263.52
5D6TV,184.42
Z3RYO,820.15
PQCFH,867.08
D0ASY,99.37
8YAB6,45.18
GBMZM,908.60
YPPJT,679.26
TMBHD,111.04
F5QJB,875.97
I7CJI,526.56
ETPKG,950.45
9P8CF,380.77
816M6,930.25
SY27I,28.60
L9RWN,730.08
VW5PC,822.79
7IHO5,953.10
27MCO,915.42
DA4F5,356.36
9QUC6,781.87
MRB1A,127.27
HHNYT,618.71
B6FRQ,459.24
GK5H3,94.52
8TQFU,822.55
3WI4V,487.20
6ZKFV,917.05
2ZEJ6,269.88
CWB7M,959.25
CBPOD,343.69
HSY8K,400.04
DJP96,839.80
3ZCZL,579.87
7DM2W,319.78
94BOW,836.59
L25IG,279.63
9I7F0,594.40
JBN4M,905.06
F2SK5,882.64
WZMCY,213.98
39VTU,792.65
G7I0W,983.57
1OEM3,251.73
B58QN,882.86
9YN0L,325.77
EZQ6F,424.65
NSG2C,961.82
PJEHL,532.97
139MU,391.25
QAQ0Y,654.49
AJSVQ,441.80
4K5FP,316.42
XKOSH,316.13
GOZVH,521.94
DVCXE,136.25
U0FVE,565.72
H22BT,360.91
5POTP,772.56
LN9PN,276.83
3K9C2,557.98
722SH,991.55
1BC4C,409.38
SFXBQ,151.79
SNEF7,532.28
T5EFY,126.52
QGXVU,110.65
RC76W,800.90
4PKEF,610.47
GL9OY,192.01
SOZHN,450.45
ZHP15,228.39
VIGGB,48.04
N8LE3,32.78
1B6PS,142.38
GO8GJ,989.22
C333K,143.69
L2RQT,366.97
NXTQ4,576.38
1R0J1,768.75
RHOEZ,397.89
FKJ2R,525.39
YBWML,384.08
Q8BC1,878.63
UQSKU,304.77
9TC28,901.89
1TMNF,83.62
IAWNG,523.67
Q1MEV,57.92
5362C,183.53
6AYN4,270.87
6WMSJ,918.71
R134I,821.84
XMN03,628.23
XPFV7,324.66
N8MRK,222.43
U4KWW,383.26
VJJ6L,831.79
WU3L0,719.45
BU2ZJ,756.33
DTIBQ,215.13
RGN05,623.75
83I7I,351.35
V0G18,340.96
L3VMD,940.80
AP7YU,426.10
L0XKC,393.76
EEEXX,283.64
LPH9K,173.75
5N04Q,532.73
JJ4M1,992.56
RACQL,198.75
G4O59,784.53
OKM5G,3.81
N0O0F,878.93
LKZZZ,32.59
T7Y5U,607.47
AW413,530.76
PA8FL,847.02
M6XUB,630.40
UTS9A,42.90
JH2BJ,586.98
LRCY5,742.97
D2TGT,426.94
GZTBG,921.14
AMUPN,531.74
OPO9D,406.55
DCYG8,419.81
WUZG2,708.12
G58MO,919.95
LEU2Z,605.95
GGDW1,311.91
MH06O,647.52
PAH2E,820.05
XHWTP,553.62
966MA,774.14
PRGI0,174.04
1HK7X,43.12
OB1RE,937.83
N739N,878.67
ZVLA8,508.13
Z8JJ6,799.98
XCWA2,349.93
UNR4U,525.20
0T8QY,190.98
OXT4S,72.12
OSWKJ,134.18
84O8E,818.02
OLXS4,749.30
ZQUP9,292.07
G9ZV8,614.96
FI8NP,852.51
WOGXJ,984.77
UPHAI,89.06
QPDE9,713.43
2562P,628.15
IQ4Z8,880.78
X8PF2,924.41
IA7RY,419.81
CSZD2,409.05
LQG56,19.55
N3XL5,973.95
QR2UA,575.52
K6LWX,253.80
39DBF,926.77
7T5D0,680.65
6YCGN,551.23
67ODR,964.49
GNQ08,450.20
TKWJX,104.79
RSP90,858.55
IGD20,564.35
6QX5P,592.93
MABHH,968.35
N2GG7,122.27
6JLIP,242.93
0LESQ,237.05
W6Q9C,217.78
9PD8M,235.96
TSD6F,849.02
QAAKI,397.56
7GAKE,588.53
ZIH22,670.51
ZBFOJ,416.04
SPGAH,304.99
ZSBJV,753.45
836BM,327.14
WAQEF,558.46
ZC6WV,106.62
TY80C,925.47
PY8DD,893.36
N2T2I,249.63
C3DIK,623.31
PDVOO,528.78
JNIXV,859.12
Q71P4,534.18
FNOG5,224.46
4D0S6,96.13
5I6QO,598.43
Z8LLY,510.33
3HRF8,520.90
PEVHG,169.69
9W0ET,367.83
LIFV6,644.51
Q933S,433.52
HR0DD,50.61
ONJXL,259.58
U75EW,16.41
5T7V7,966.79
K51JU,470.50
ITO21,391.10
Z3VM7,663.01
WTFGJ,688.45
0ACZE,570.80
V3SRE,11.49
DYXIS,431.02
199AJ,303.43
ZOVRK,159.48
4E095,948.80
IHOJB,173.33
T8IZW,353.51
6C0XM,992.76
S3WW1,857.87
DY1ZQ,524.73
F3MRZ,211.43
12C8M,608.92
J1VSY,941.04
9NDRC,64.15
X0P1F,109.24
PF62J,588.09
7TSYC,18.47
OA0ZN,140.92
HHLFY,619.35
77428,725.63
JYNIH,328.12
0PRJQ,227.87
SV7YH,220.70
L2Q3V,26.01
Z0DUT,982.52
OGDO6,254.39
06157,493.86
V9YW5,310.73
1OYDI,591.67
W2YWS,636.12
U629I,534.37
HJ33R,230.35
SIINE,561.18
YGJ21,52.51
S67UG,517.28
SZ7VC,428.10
JNNEK,230.75
HYCK4,64.98
19KH7,147.33
4S9RP,425.10
RNZDA,156.82
NMRP9,528.14
6F3DF,311.83
P9XXW,843.10
OYGZA,433.07
EJCFB,824.60
NAJCG,109.56
PU6IR,195.43
74NTM,907.17
YL7VT,378.70
HIM3W,452.03
L2L77,250.18
O2BJX,43.66
DEUXE,962.82
QYJ66,242.68
D0083,783.62
736AP,210.33
Q57L8,277.43
CIVOB,176.95
4BEER,694.41
G9YNA,679.46
SRQNT,42.77
RH0Y3,401.09
RGDGT,221.75
KOTM4,990.36
H7MN9,981.08
3KQ5B,47.75
0ORAZ,888.53
DD9SU,546.87
4DDXK,681.14
GLE9J,357.34
OEQHJ,953.49
YBSTO,993.59
Q6JYW,194.25
Y3QA0,568.81
DWTL3,799.98
IMWBG,916.04
PIGX3,377.59
APAMA,592.94
3I8XX,157.93
NQFXT,144.82
QMLF5,298.44
90ZB2,403.56
JWAIU,212.97
JA0KP,184.09
2MV7H,284.18
CYNHV,186.70
RGC2O,598.36
MZFO7,809.83
TB7BD,733.67
B7NNE,217.77
AO7M8,953.32
HQOCL,888.03
AOQJO,452.92
YKNFI,745.64
2KJVA,114.05
1M6HR,127.05
OX0U0,90.08
B5YGN,852.75
EXL4O,451.99
2W0MS,776.85
QICA2,221.03
KY8FD,648.56
TC7Q4,226.03
J5A8B,21.37
3VHUA,498.54
NJ96L,256.60
JR83G,849.41
AQWEP,394.01
KZ2W0,442.70
CJ5UI,867.57
0EBVF,832.74
8TMSI,684.49
RKFHR,19.03
E4KAJ,549.59
MRL00,381.03
61NMH,639.22
KXXHA,188.12
8E8JQ,37.66
FR6JX,706.17
H3PAJ,794.38
A8SLB,449.39
IXLMF,78.70
ZVBXH,813.20
VFVLC,463.37
6VHMY,404.01
H9KEN,65.47
YABY5,540.67
MB91J,448.61
WDXAL,454.76
EHRKU,672.93
B7P2A,825.97
MFQ4V,524.84
HNPN7,140.94
Q2HLW,381.08
SU3RS,923.79
9L5RZ,649.87
NZ80C,177.52
I3POU,191.60
VTI38,685.55
AH98D,27.59
URV08,337.29
KWAR0,204.36
5WZLN,367.13
RAQK5,866.09
UUKD0,385.03
BIH5A,268.83
93PUV,869.00
ZR9BU,903.33
SVHPJ,364.61
MZRXS,474.83
50PSP,938.93
16MH6,52.42
3JJAZ,146.57
12Y4G,657.61
Z6EMF,327.46
5TB57,142.33
U0O80,835.36
XQO77,762.66
W4X6D,617.35
WR1OL,433.07
R6RLC,715.93
YLEKL,400.80
XTB3G,939.24
V12Q3,769.77
XARMA,41.61
BC5SK,307.89
6NPRA,543.55
N7H0H,637.95
BJWPU,625.80
HXYWO,731.15
JMAIQ,461.69
E9DZT,996.51
SBEUX,352.11
CKLK0,678.59
DYHEO,457.09
40JM8,245.03
RD414,711.56
CTG6W,947.11
H33AR,78.34
CGNH8,135.18
GQMX5,196.47
P8Q01,637.35
AZE5C,84.00
780N2,979.93
5XJMG,734.00
NFLAM,773.54
K9HY1,378.27
5Q34S,483.34
JOY3C,53.61
XE7FN,781.46
IUY3K,814.51
ATT95,414.86
4GYUV,574.25
8S6TD,252.47
WEIIM,311.66
UGQEJ,936.49
DCC7X,265.11
WD78S,597.37
F82L2,824.48
R9T8S,77.14
6L736,725.29
MNJ4T,231.05
S9KYP,277.53
25FRL,633.46
74WHU,13.13
HMF84,942.42
Z8VOM,700.31
UU2EF,467.98
4BFGY,200.52
AT1EB,82.43
HJHL3,430.77
37508,888.25
JASAO,684.32
FJW0P,482.17
7PVSC,236.61
TT0Z1,78.58
8TH1E,316.80
3I69V,959.31
NIFXS,35.77
EKVZJ,268.07
6BS14,929.62
JXS54,60.21
B1E3W,584.33
3Z77R,844.34
GBP0L,916.64
QL0FS,46.83
DQGYO,422.26
UDD2M,99.64
S3XOP,366.93
REYN5,520.60
RB38L,979.92
JDDV7,114.20
O17F7,122.63
68P64,1.20
PVC4X,409.89
EJQEB,965.41
B4J9M,359.82
C80RD,450.54
K4Z98,966.80
X0SAO,791.58
LPSBF,73.23
RDT6L,910.29
1WKP7,282.82
YBBT1,971.18
JQMM5,350.69
I04SI,926.26
WIKW2,730.54
S83UH,92.08
KJRU4,15.87
IBDCM,233.08
J828J,619.70
JCO7C,305.81
NFP1G,561.59
GXMI4,556.42
B8PMV,147.52
40PBX,665.08
R6BBR,646.72
TJQMW,433.18
UO212,716.82
0WWLC,966.30
XXZZM,520.16
ESH8T,600.68
O487D,101.05
XYEEX,679.92
TU2M1,102.52
R2AU2,316.57
QKI9W,765.63
ZUXKU,683.12
22HGE,72.28
M4C1N,271.19
BL66Y,718.76
P77OX,866.26
A95F6,992.51
Y7KNM,244.20
V43PE,194.83
Y6QGF,19.33
WF7QI,777.39
4KLIB,613.15
KQUS8,493.66
RA0NT,990.38
XJD98,316.29
YG3BF,330.19
Z1039,83.77
YPNDL,133.85
DLK1J,900.90
OZK98,674.11
LUATQ,552.60
7LUWY,566.21
2XIZW,853.69
YPG0K,744.81
QJU5F,318.70
7S1EV,926.64
KMXYB,733.72
70MS8,0.50
I6OXY,271.42
TFUUR,472.56
7ZKQT,809.24
ZTN9C,602.90
Y001T,868.66
6U939,34.11
DN5MP,160.63
2B0U4,47.42
5TM44,19.79
PEEVW,744.67
VDBQR,514.31
504XR,753.44
49IPG,313.30
7FJP4,317.40
1FZBE,361.59
NBJEZ,128.18
XCEHQ,887.69
025OH,33.56
7AF9Q,939.53
0JOC4,726.43
KO0PS,650.01
HN2CI,189.97
H2NXV,516.91
MNYO7,967.20
HI1U5,779.02
1DVJM,428.41
VQ7CS,763.97
BL973,199.42
3IZEX,829.43
27JN9,327.47
P184J,952.50
OG9J6,792.13
9BJ5B,132.53
2SC1Q,992.01
9ZLK4,972.78
CQQXI,722.28
3STGU,210.10
37TZN,174.49
ORF1C,744.49
59Y0C,459.54
4XG36,829.75
5LW1C,268.87
VVLQI,310.40
AIF6T,339.10
UHCRW,619.54
OQN3P,147.46
Y6KQD,360.81
F2TLC,235.20
OV1C9,204.62
FPWWP,725.51
RZDUA,857.13
DWWRQ,285.14
AIVMF,987.11
410LV,7.29
LA8Z4,350.49
Y52U8,81.45
4QE5Q,955.65
DB0K6,842.04
LAEFA,823.89
9SL9U,440.26
KNV5D,270.14
YVISQ,961.22
KO80P,217.99
LQ4KA,692.32
2AB3N,792.18
TJ43R,722.19
EUF48,620.91
UA7QS,321.29
DH1UW,344.62
1IZMT,639.31
SX1ZQ,918.08
2RTH5,713.20
KY46A,289.07
HRJ9Q,479.99
7PL7V,896.68
BF2DY,381.14
4FKW2,879.57
3PG60,177.81
XBF33,347.66
O6B44,631.56
SILIC,67.59
4FGQ3,528.77
1B9H6,994.79
YKKRR,103.93
BS3TZ,470.34
F7UEG,667.36
BC2V0,805.02
DN5R1,125.24
8BAFE,641.52
63OK9,891.32
W2PT8,766.63
O6FZR,368.06
X6G45,350.60
3V4BW,304.23
I260W,189.40
7CSLK,868.54
GYKRN,50.88
JVJTZ,618.07
X94WC,546.92
IAKHC,897.35
QEMA1,526.55
EC24E,39.52
B18EA,890.58
ZD7QN,565.31
4M809,807.42
TDWZE,143.93
C4FGN,996.06
NOKLX,507.12
BRS4B,110.61
0YIHN,969.35
O6KSK,201.88
RZYFN,777.84
T8GN8,494.38
8RTK9,192.33
TZVQ8,372.67
TXXXX,741.38
JWBW5,966.42
E5TN6,114.07
CQF8M,221.98
ATVXT,124.82
LWULP,917.17
16RPX,495.66
GB99C,679.77
HCOI7,453.30
17E0O,872.68
WC3P6,550.02
K1EY1,362.60
NJSJ1,984.84
9LTLT,290.59
MHVJX,28.15
26VWM,330.26
CB9D9,261.50
QGKTQ,630.89
R0UG5,450.31
DYN11,105.01
97GR6,28.07
8F958,638.18
W6DEF,429.48
3EJHT,296.50
8N3ZE,326.41
7PE98,671.30
VS41T,297.90
RMAK4,14.64
S6Z7T,672.17
5B4SJ,689.44
UIWCY,988.78
TRO28,873.68
E3NJE,158.27
PVPAC,931.57
8ZQGI,448.02
1K93K,902.11
IF176,936.81
CMXZ4,396.09
43IIB,422.11
ARI89,980.18
SJQKQ,30.89
AY5X4,359.75
WPLX8,437.28
4CM7X,692.63
KCRL1,257.40
5UDQ7,781.33
6MH7B,11.22
021YQ,216.54
8BOEB,82.46
KD55F,639.09
EC1BM,940.38
73D4P,146.96
AFI1W,44.07
NF8PI,87.33
PSAQW,344.59
9G7WN,103.19
ZF846,536.94
VWJHL,817.56
JDYI7,895.57
RCHA8,453.52
O3ZEY,619.27
WPADV,481.03
W1MQ2,7.61
N804S,763.86
EUHV5,883.90
HQNTT,676.34
DWNKI,204.33
P6KID,53.28
E6G54,842.56
WUFJJ,126.03
GUBD3,393.45
SYDLI,865.41
7SBKE,208.78
N78ED,470.12
09U37,74.12
N9D4O,668.32
F9LN4,200.90
7NIG5,736.85
8C85J,39.10
3KMIP,545.09
MQIMG,660.07
8X4TX,81.36
327AI,932.18
KJJD5,33.07
SBFTF,749.06
SKS08,841.83
I83AH,829.61
OKYHQ,70.94
99M47,586.97
5KA99,344.83
HU23V,365.17
TLTCA,119.25
RLX9K,500.52
P2PKE,968.59
CTQ88,360.91
YFRV9,549.86
TIVTZ,352.14
W8Y5M,673.42
DPX08,808.73
TT8PH,581.06
ITFWL,577.00
STVP8,957.95
VHNRK,373.97
NIHX7,956.43
LH3DD,245.64
3KYVX,74.97
Q9ZYT,938.18
VLNEO,573.95
4XQXD,13.21
MJWO2,676.27
IAQDQ,902.29
OW3NV,800.09
BLI4A,778.46
XKCWQ,350.48
Q665X,793.45
ZNZM2,537.91
6G2DK,548.85
C1B3A,974.53
OY4TP,14.80
IJ4XM,42.07
TMDE8,846.74
CVBRO,133.39
ND08T,466.31
EESG0,497.74
9QGCG,760.86
QV6AA,274.20
TDJ6F,364.90
FB6DQ,240.19
XL9Q9,109.21
4AVDA,524.26
BMPLV,316.18
HFF86,527.48
TXBWZ,928.12
VWXLY,458.05
PU2LJ,968.09
4V2W9,702.13
QVG73,707.39
961P2,975.75
SGR1I,787.43
M85S0,674.09
MYUUU,903.65
CURFO,255.66
Y3EVP,57.73
TUM8M,910.70
7U6VJ,442.54
XTZWL,565.08
4VF56,340.79
SVD9M,150.03
BL3G8,175.14
1Y39H,823.00
DU1XC,1.01
0Y7M0,377.61
XMG6J,658.62
VGV9K,766.65
OQGMZ,734.32
G9T9Y,443.61
OIRSA,491.64
DS2CE,876.24
PPL3T,195.56
XMGCM,971.44
6NBN0,710.07
XFEW5,697.99
NZ1MM,464.73
GBNY3,488.95
OEFUU,360.09
GLWE0,374.81
PQH3Q,871.97
FSU73,320.41
466Z3,382.39
1ASP5,91.32
6BOCW,830.52
ES9QB,573.09
PN0FE,187.10
MPLHT,340.72
AB4P8,138.43
KGOB6,591.08
9E0KV,75.65
BFM4G,555.61
XRDH6,55.20
BFM1M,214.86
ZBTGN,65.06
6SPGE,286.22
A58LT,523.24
3VFAD,938.57
ML6IQ,868.86
HL6O5,161.47
YA3WA,723.73
CL1OK,524.48
Z1TMA,210.48
TSB6N,831.15
LKTT4,780.19
RQRCX,815.99
ITK0H,964.02
ZGN2X,205.66
3MMW7,790.92
TL0EH,568.78
AZBJB,550.61
ZAXW7,67.72
9GDG8,693.11
YLTNA,20.38
2AMPH,767.64
YEOPV,83.81
8V0P4,992.48
RV75R,427.92
OZ65Y,190.51
9NTFL,317.90
1HPMS,628.23
NZR70,143.24
C2I8D,367.95
Y2F69,936.03
VZ2LN,821.04
15W45,999.79
AFPHO,38.03
MTRC1,495.21
J60LS,632.93
SDRHG,178.52
7UKS8,965.71
7YSGQ,421.52
Z4HTG,505.95
VLAPM,710.50
9Y8TL,596.68
ZP8P2,857.91
98375,880.84
3SP59,999.37
OYVV2,792.90
YPKP0,371.12
26JVX,376.70
RJ45K,932.76
28YJ5,800.15
GHDRG,506.87
FPAM7,5.00
H22QI,987.48
E4KOG,502.66
V8EKK,913.04
PBJTE,447.22
E934B,981.24
7P1U8,293.74
XOZCP,95.32
I34TH,748.06
A5EH9,550.96
WH3NB,533.24
3S32Q,580.49
D2WYN,156.53
ICACX,274.45
OK0Q4,10.12
D2B9C,780.40
HRNP0,777.96
34PLL,468.80
QXQXC,572.73
FVGXA,612.40
A7218,603.07
BVTJ1,129.08
S198O,561.78
FF4FQ,982.61
F9ZJK,423.70
OJI5S,909.74
M30VR,202.98
E4CSA,993.10
RR8RK,635.02
JWDS5,819.39
I9OQA,941.20
GWS5U,695.46
GTQXH,343.09
AYPAI,861.08
7EZ2N,931.03
JM9M2,833.56
Q516X,497.12
2N12U,124.99
S5HNP,47.99
OG8G8,651.69
JYXKL,884.78
4YY0K,870.39
5IXLF,673.46
8197K,954.98
V69C9,177.26
1O9EF,16.19
HZ4VW,701.38
EV9CO,606.39
E19JR,989.26
3PE74,12.50
YEI9E,593.16
XK52X,907.90
E951B,360.03
956GN,187.75
AEXKI,903.80
80EZO,875.92
XQY7O,425.70
R3C3U,520.05
VBNK8,489.34
B5GQJ,537.48
Y52GX,778.26
LQ2FA,300.64
WUPLM,460.30
O1SW5,928.67
XD95J,609.77
GTV2A,837.78
JEHKX,237.41
WFXIL,295.45
8F477,343.42
B0HTU,176.56
ICKDX,283.28
W74AA,652.97
B3LFG,420.81
KTWRN,921.05
LU49P,727.62
GW79Y,732.68
QC1BE,455.62
284VI,606.79
IFB83,805.36
E7IP8,407.51
4P48R,208.36
SDA1S,596.59
KKO0L,3.85
G5SBL,622.51
A7HE5,226.24
0ZSJ5,33.30
83XFM,335.43
4BGAC,155.33
YXZG5,957.28
8886A,55.12
71WOB,407.86
EA6YZ,977.07
PCV27,635.65
CCNPX,510.51
E1AUT,873.42
Z6PBH,584.14
R5SS1,410.08
ZWQFK,744.78
2P2IX,345.22
JVKBU,339.48
BJBMC,778.78
O0CU3,405.92
GB8RW,262.97
FI7IX,812.70
QBKEK,729.22
7ZNYA,940.19
Q0QFE,487.09
M3Z44,438.99
7R4FU,460.13
QX4PL,171.12
SN5KW,420.29
BO4SY,818.91
CTV5V,714.69
NUTJL,81.83
PRGF9,329.12
53SBC,181.68
MKNTA,296.79
6JAKC,837.79
SPIQ1,702.44
ZD45W,576.46
ZMXYJ,502.35
WTOTU,82.07
XLR66,338.17
6UKV6,288.30
9LZG2,768.70
DFM62,306.21
CKKDR,17.31
KVQKU,910.30
Q2D12,0
LRT83,143.48
BMOZ2,322.60
UNQKA,710.84
UZIHT,261.58
ZM3B4,465.88
713PQ,628.73
IBN7G,802.44
7K6FF,333.62
RKP0M,191.15
UNMSO,893.29
P6TMU,286.05
7XQXL,546.22
RKECX,896.45
KZPUU,695.21
H74DN,786.16
8PS55,634.82
J9W27,588.95
OJXJF,262.38
YCC9X,553.82
7YY8B,181.39
VPJ6V,691.75
7VAJP,287.36
OA1BY,572.29
P0N3M,42.35
10S10,768.75
8SFQ6,837.13
I0GTW,696.71
V75D8,67.75
WJ4TG,974.67
A86ZG,44.00
UGQOL,423.02
XJJ06,922.88
BBQLM,576.78
ITH1G,391.36
JDE9R,316.64
XN67I,848.52
G4BEF,709.45
FFXP3,557.33
DF16V,248.82
C8GTE,453.10
1APHP,526.69
9032P,848.06
GFF36,105.63
RBOB5,944.50
2738C,416.39
UQMVM,30.25
BZHOF,605.90
ULIC7,386.86
4ARHX,552.01
LQ8Q8,653.48
T7W59,179.75
4FFM6,43.83
97I8U,463.49
75U9X,728.91
M2ZS6,355.88
CFXUK,856.12
NN8YW,750.31
5ZSMN,668.49
O2GJ2,492.83
YOTRR,628.75
8A7PD,932.01
OTV9L,734.69
ODCG5,358.94
6TGR8,147.15
2AVYH,470.27
5JWV9,363.17
NUN1T,969.43
SEA2L,505.08
03COW,378.56
G8AEG,937.65
YSPC5,925.37
NTNRA,31.62
DOK4V,13.56
3X2AM,100.72
JOLGR,654.70
Y8E1R,843.69
FJVLG,181.73
F8UZZ,627.79
5YVYT,625.95
DKRE8,738.50
HLM7J,231.23
NAVXZ,309.85
HG9MU,515.74
XO5AK,321.20
JRBT3,864.25
FN7Z4,379.19
BVCPM,459.39
IXAIP,847.87
1YJDI,35.49
P968W,460.52
YNC6H,98.21
JX2CB,40.96
04YSO,64.50
17F3B,620.07
0F2Z5,521.09
XV6TX,792.00
DGUL0,489.11
Q5YHC,958.48
ZE84D,474.23
SU7DW,53.22
T4VGA,60.82
FQGAZ,100.82
T9BWY,8.30
ZTJVJ,614.36
SAD3Q,728.11
HYAM4,148.13
WFWXE,30.27
0O1YY,362.77
5DUCL,74.21
6IGEY,512.19
KJG99,674.40
G76JK,122.52
IVPU5,42.54
S6H7S,754.32
S6ZPB,397.52
Y8FPU,622.16
073AP,218.94
96QOP,37.75
XY89S,282.91
5ESZW,91.08
YHBO1,903.78
EEH09,121.56
TESW3,469.60
0LK1G,918.04
BSY7R,839.44
3F9JO,884.41
BS0ET,967.12
4NHMT,393.50
1C3X5,579.63
YBOZZ,862.70
9TWYR,354.57
LDAFW,223.25
BKASZ,153.56
YD3SJ,572.73
GPLPB,677.69
BBTX8,130.41
0VVE8,301.56
84X6U,901.38
TJ2M2,593.09
89VLT,716.12
BS26D,348.92
3I76B,96.62
4QLWN,773.66
MLFIQ,523.30
XOPJQ,786.13
2I172,975.69
BDGGW,998.42
CXOF1,310.18
14AK3,222.55
YBVMA,898.93
O83TP,573.06
35OXA,451.37
DX94J,675.57
YC9N9,383.14
2JM33,149.44
360YM,939.26
AM9GQ,631.22
O1AAU,90.26
4P3OS,774.92
2770R,843.69
MAUSF,181.01
WIAEK,636.77
Z5N6G,783.14
IOVQT,211.52
M9105,157.61
YYAN5,451.15
5UKA7,968.96
B1SZQ,469.81
OBJ3K,76.64
QAB5G,267.11
C1G7H,320.60
JL8DR,317.56
2GW2G,444.66
X2OLM,566.79
95N35,742.16
ZGZV5,807.16
LDMIK,347.91
3WSB8,946.30
X8MXL,131.91
H2IK9,863.75
N35WK,886.00
IC9UC,656.94
GEQLT,170.95
P095G,680.70
25M4T,289.64
L0L6O,903.21
WXQ0N,547.67
WEY1E,770.42
JHPZV,423.29
Q9KBP,738.43
3Z64T,499.19
CSQA9,211.30
TIQBX,126.46
I1GJJ,749.40
V92OX,535.11
MGHQL,712.15
6JJTR,313.48
GDY8N,562.14
B82JP,365.69
B6OQI,334.98
7B1Z3,6.73
2TT48,528.61
M7L56,233.54
VZAVZ,955.43
O77XH,578.33
XNQVK,255.50
UGGC6,6.71
ORO7S,108.79
P0YOW,640.98
R9JDR,342.28
A82F6,591.35
Q64TT,684.92
YCDF8,958.34
XZWES,911.17
C5T02,957.69
ES2SC,524.07
IIXS6,465.82
POVQT,102.45
IUNQ5,921.88
9SKMU,254.41
W5HP3,903.48
N3ZKO,198.54
D4C8X,46.52
4FNKL,338.21
1IKVL,767.92
PKM3S,109.30
6CO77,191.10
4ML2U,695.26
6QEYK,31.68
YA2PU,30.01
263LY,493.68
LJFSG,785.77
62PUJ,580.61
9ZC4J,796.93
VKLDQ,857.02
ZBLV3,357.39
MIBJ3,423.40
CPMGC,215.52
R9OQ9,102.37
MX316,34.14
0EYV9,896.50
XR6Q2,438.88
STXL3,129.43
ODVMR,81.01
XQGUU,147.08
W0V17,814.27
QQ2IJ,252.96
HDNUU,215.29
0CL7S,791.70
C2FJ5,11.03
ES5OI,246.33
MKN9D,211.03
ESTFX,640.26
9PLKG,111.28
FFQIS,431.50
3800B,808.19
QF5AY,482.09
ULYC3,895.33
KBC6G,187.51
ROSO0,469.02
FHRX8,64.40
EEE16,311.45
I1RE6,77.11
C7Z42,610.97
WXYAD,848.59
BJOWG,805.59
BOL27,104.31
PKCL2,161.41
FPL0N,54.16
VXQK8,600.30
EDFXM,100.68
I5U1W,250.30
HYHAR,0.08
25C2A,887.74
71CQ3,357.90
Q5XEX,464.59
9N2OO,69.11
T9X5K,965.51
4ACZF,191.13
FWISP,953.65
2GOLC,856.35
1FWE4,975.81
94FPW,903.56
49H8O,20.64
ZDGZ0,783.68
O8TC8,282.65
5WW6E,145.50
HYR9Q,469.33
ZKCK9,365.43
VU7UH,48.82
XNAPH,875.30
9W75B,528.06
E4VL4,28.00
9N8J2,633.35
Q4QML,969.74
6G746,585.05
CT7AM,361.77
SDXEA,518.46
Q2GQT,232.42
D9UOD,341.49
CLSIE,709.95
JPEDE,91.55
JAT73,161.14
VWZW7,191.40
7EGUM,910.36
1VUQ1,996.03
0PXJN,210.96
E4RY5,752.53
YW1U0,753.38
JI46P,966.91
B14IX,739.09
Y6K2S,516.58
UAULN,704.20
GBOWS,233.86
LPLBJ,612.68
2C6UO,88.60
5DIUV,407.89
P19K9,56.47
0929C,827.29
G0FC2,565.94
M3CBW,660.08
LC53F,634.98
5A490,795.97
QL85N,5.33
K1QUN,725.00
IVVPB,572.61
78ZP0,222.30
HMD1K,366.73
0JX97,918.00
UQQM8,772.85
AS67N,102.82
KNXI1,550.64
QK3FU,733.09
CKT97,849.64
A9G6S,243.70
JKSPO,764.79
1WW73,814.67
4507A,712.15
77USZ,110.29
ODIHE,787.65
S9F7E,71.69
PYALU,392.98
OAP7F,715.95
RK9PC,398.53
5PUNQ,309.73
ZKAHJ,358.72
B04OK,823.87
OILUK,794.14
XLOFV,20.67
KNDUJ,881.14
VTBWS,177.16
RB32I,305.31
J7B3V,691.17
XBEC3,666.47
TVUTB,681.41
AFCM0,74.97
PKFXQ,295.58
RHPBG,155.80
KSN1Z,466.40
A07E6,337.74
RVWUI,773.72
CRGOU,844.23
09R4Q,834.53
6DF8P,980.53
NEDJK,864.09
FT9QL,188.44
EO6E0,783.49
WCCCV,854.56
WTVQJ,990.16
RE319,847.88
E776J,273.93
KXJ8K,695.74
1932H,946.18
GNMDP,39.64
DZW7H,494.25
P5DX3,267.10
KMOXA,919.03
RMTOA,397.45
9D6XH,695.60
LUSC8,366.27
SII3B,748.75
I4VB8,428.16
I4W0Z,346.06
8MHUN,36.86
C1CGY,595.69
7IC9E,797.51
ZNA6W,859.48
VMT52,66.62
9BD4P,168.23
UHFMP,168.73
PT4SB,469.22
JBFVQ,658.87
YUDSD,245.75
YBQ4F,772.54
34Z8I,13.93
3EP0R,227.46
N0NKZ,558.45
C8JTV,735.43
3FBKL,534.44
U5EG4,121.29
7KT1H,575.23
10JKB,969.31
RPF6U,803.98
TPWVH,172.79
RU84D,607.21
BGRGU,481.43
80M8B,359.13
XGZV6,651.53
PLOCY,172.22
S5TJT,414.30
9UIIA,155.94
50IEX,898.13
SSZSN,460.20
V7DGR,100.13
VBJZT,588.99
48EG1,345.56
LSDYN,498.17
5MWXH,797.67
7ORZY,384.84
379I6,66.58
XZYLI,328.97
JBRD3,716.88
YP5IP,686.33
UYAOS,821.43
56HRF,378.66
XVTYA,615.06
T662H,449.98
9LQJS,173.63
KPP5I,25.72
AMKLR,266.79
SZQF8,708.65
5BJ40,183.60
OR1UB,863.01
H9GOZ,574.31
V5LUY,791.04
0URW0,779.44
GCAVV,624.18
3DOTL,173.27
5BHFO,429.65
VUETB,114.26
HAXG3,438.38
2RFB1,207.95
U32RI,894.40
AA8FN,753.93
J25F9,12.78
HW55A,571.09
OMFVF,198.66
8HKEM,145.62
BZLJD,183.55
FZC0W,668.37
GFRA0,729.29
MKVCN,760.78
UE8SI,350.58
N0SXW,467.86
KMT6S,792.33
YYV6M,858.36
DSERY,282.98
SZ7U7,982.55
PGAQP,794.12
S1X1S,992.15
J7VA6,31.44
GFDNB,185.50
MKOQQ,625.81
UUF7I,905.43
AWGAB,705.65
0YPHW,972.34
I9EVL,35.12
GIZVP,885.90
SLVJV,309.09
4VY0I,809.55
QZJGP,721.38
BDQOI,324.90
BNCN1,368.02
H3JVW,270.58
CLASI,628.20
8KKYE,121.01
Z02GU,822.48
B1QPX,932.40
J79RG,808.65
SMRK4,807.58
1JCWN,416.40
NNU7S,304.36
MA2KP,990.08
JLWSZ,357.35
NISL4,537.50
TZIE9,947.87
9GIE1,833.02
6QW23,395.15
R90YP,781.98
06CDE,932.68
U6F61,496.46
SW7KX,641.63
CPGBE,379.14
89DKH,437.50
Z1ZS4,82.82
INU5P,252.89
AIJIM,582.14
2UDNH,988.97
9FHRP,48.28
VW17R,40.44
49Z4F,535.96
H14FI,312.76
QGEKQ,836.54
PNVZZ,374.00
UN6KU,946.98
HSFZN,404.39
AM8AS,392.76
OFWNV,80.00
7HYKS,839.66
1Z1XY,671.31
J66HR,35.88
DHVST,350.58
B4EEO,173.90
9EV0A,986.54
GGNH6,575.74
WC71R,727.08
EGC43,195.41
UOIOX,268.46
4NVC2,367.93
5DEZ4,757.78
CVP2N,139.33
G1JAT,639.97
T6MOA,103.92
HWSR6,376.41
0SN3U,313.09
TKNIP,79.76
053FJ,945.76
ME7AT,930.52
6FF7X,187.76
2CVOU,375.31
3CARE,538.87
SWM6T,833.52
7Z6JJ,884.13
Q09CE,768.21
ULP14,271.62
1YSE4,103.64
QOCRN,467.83
0KMA5,616.09
TMP1G,410.37
HL2U1,133.11
UK1NY,555.11
ZD1W2,753.02
7IWFI,555.49
XOV9K,110.67
M1NH7,896.81
3HIDJ,145.88
LAZ2P,467.72
W60P5,392.60
ACFHT,861.76
JJ5V1,355.74
9GJ0G,57.48
AB86A,313.68
SH62D,621.04
0QLKT,290.50
KOC18,901.11
7Z2HZ,895.99
TGALM,208.84
BR834,460.13
H2SQJ,60.90
DGVVR,867.22
OV7UE,458.63
T8BEH,462.24
YIAES,892.24
NFI0E,464.35
8DY6K,132.44
KTHFJ,202.36
LTWM7,466.45
EVMPK,405.69
R4EUU,714.93
PNIDF,472.10
7HOG5,259.25
ZHGUO,579.32
S9MRD,858.09
N1H9G,234.82
LUP62,202.67
WCPFT,386.31
ECBFY,84.49
D8C6F,993.25
3OIX5,479.60
BHXM7,167.21
HFF5D,612.04
AVWSP,553.16
7FU5V,68.77
6S2O8,832.03
07F1L,317.83
BV9ZL,225.19
2D033,212.48
RN078,593.63
I8KCV,867.09
5WIXU,375.63
85POV,894.80
C0TSN,7.69
3RLQI,555.19
17H0F,543.15
GGV2K,674.48
96955,92.87
D7QE1,860.78
16BJE,91.13
B6HJV,978.23
9OWJ8,694.44
APTN2,679.43
QBO10,62.03
BFRIF,677.67
Q2UMD,389.65
CIZIC,96.48
V9SBD,478.15
L4209,455.59
4ZLLS,386.22
WFSMH,87.83
WMGYR,514.81
L37Q9,811.50
78P5C,215.59
MFIHI,980.53
SFBCL,893.69
1BJF7,255.19
24WYN,905.47
6GW9F,393.48
BWIIK,60.21
DZQ1N,146.52
HKWGL,907.25
S9ZO6,989.88
6F5NT,872.82
15VUU,538.60
O1XIF,339.30
Y36H1,577.31
282UN,251.56
DEW04,24.14
3CP72,314.94
DVEMT,560.34
11PK7,109.80
WN5QJ,525.53
WOZJH,993.35
1MWAO,15.03
85AH8,785.16
Z455C,487.78
WTLV0,550.01
R7PTQ,875.49
1M192,679.11
4Q0BC,735.54
FNNER,839.68
QGAZA,769.60
AIKSN,826.26
381MY,505.80
DKQOF,352.29
OH5X2,564.13
AAM78,679.21
F4K40,27.16
B4ERW,661.49
KP393,287.96
WA9DL,769.01
4D7Y6,699.39
SCG3J,800.57
UYRLF,944.62
USBT7,70.98
0V0AF,704.56
ATAD6,806.61
21RL0,523.43
WN3IY,338.37
ZKK5J,812.34
VMQRX,844.92
69FDU,454.02
GMC3H,140.65
7UTH9,825.88
SQDTQ,978.03
90TEF,989.28
LNDIY,818.15
F7AIC,200.56
AB5TQ,195.38
IM4S4,405.92
IBP6S,705.18
UB319,29.98
7UB6S,714.36
EP2UZ,324.67
CBIOB,306.84
3WAGE,137.65
UCC48,163.62
38OVI,367.03
KKLCL,186.31
0RBTI,775.17
N639Y,898.10
HJUFC,224.40
JFLIC,362.65
EC3DH,26.99
LMHGW,791.32
0004Q,410.40
E0I5H,724.96
2LYT3,48.74
AEXDC,944.05
TM26L,80.59
GUM8Y,681.17
5VXW4,26.58
BTTRY,537.11
R0HXO,866.77
QKWOX,890.62
IA85M,385.66
O8X4E,628.96
D6HL8,0.38
O7S9P,527.77
W1G1C,363.01
F6H43,745.98
7SJPH,478.64
67VGH,831.79
KI0F9,255.57
6MC67,582.78
B4EGR,739.03
O1I66,985.03
ISL2J,475.90
Y0LF3,637.78
NU445,933.33
4QSCS,540.94
8DD3I,439.58
PV05R,337.11
26YT9,563.20
R4H99,914.24
W3YZF,620.53
LX266,91.37
A2ZLL,113.66
4FUY7,34.55
AOO56,567.63
DSLL1,264.32
BPLZG,769.41
VTSR0,256.51
MRA3F,114.78
KXXLK,724.74
5LXK0,678.60
FIFJF,492.87
BPVBW,847.59
RQSRM,434.05
O9KM4,921.17
5JZ6J,508.69
3C16O,163.23
SOA15,839.26
BQH8R,823.30
77DKX,29.19
5E8GR,419.46
7QHSL,392.61
RSHKA,107.07
QLZXI,444.21
WI4ZG,52.29
MBFNG,425.37
OMQG5,249.05
DRT8N,410.96
NC639,10.72
FKC8V,539.65
9EY39,241.59
1M8L0,689.47
K0I70,973.91
YTZZI,952.53
YVAI8,270.09
U6DHD,294.29
01IJ8,515.30
GI7YP,965.83
ODRFR,960.14
M0DJX,98.69
NFPDO,976.57
TVZGN,222.13
NUF9F,717.01
X0F0X,530.83
YOHS5,904.18
682ET,246.16
HSLTW,137.44
ZOI3P,41.86
RA8VO,716.61
5KRJ5,424.64
OJDPH,377.71
MTXPI,600.32
SKU4Q,513.81
ZWV7W,534.01
KWPIQ,494.79
EAGRS,227.92
KQBNX,984.30
8X7NW,669.45
XDLXK,982.26
0YI70,142.26
A1V5F,15.27
JZ3P7,358.45
M3H6K,245.79
IHL3F,575.13
ILK64,483.15
YRG67,989.13
65F2E,518.96
VZT0I,895.06
0TPJP,163.96
D0FEE,626.88
O5C3S,993.39
1QH1D,197.40
ZUTIY,879.13
XJ0CN,724.61
J38TM,52.62
PCRIP,197.32
KKOL4,675.60
FFSCI,576.24
ZK5OA,540.03
V487Y,806.13
OBVFA,287.93
IOE9Z,207.20
X2D9K,694.35
ZBFBB,586.08
DJTNB,161.94
C515L,641.28
9FDQ6,175.66
RAI1E,439.90
X01N6,457.74
D0233,42.17
GFN1M,309.99
EEBFB,845.85
GDAGX,983.57
JHLDL,817.88
ZXMNR,83.42
ST1ZA,618.12
DXZHU,976.34
GUBGG,141.87
ME5PG,47.68
YUQ2X,915.05
PLBZP,727.21
VEALC,242.38
25H0L,877.90
QGMWT,89.72
ZE4YC,431.25
