Ticker,TradeId,Counterparty,Quantity,TradeType
MDQNF,3101,Schimmel LLC,532915.15,Stock
JEO3E,3102,"Wuckert, Buckridge and Bosco",324374.29,Stock
N4LV2,3103,"Howe, Russel and Leannon",412015.39,Stock
7QBP4,3104,"Hessel, Barton and Franecki",647012.40,Stock
ZQM0W,3105,Towne and Sons,398089.76,Stock
KKDJ9,3106,Mayert LLC,17146.45,Stock
VKNHY,3107,Thiel LLC,766130.56,Stock
ZZBV4,3108,"Kilback, Cartwright and Schulist",86210.81,Stock
3OOI2,3109,Little - Ondricka,26840.57,Stock
NG2TL,3110,Kozey - Orn,269173.59,Stock
HSRKS,3111,Bailey LLC,749745.29,Stock
8P96Q,3112,Kulas - Rau,26281.92,Stock
62K4H,3113,Stehr - Johnston,72408.01,Stock
06EZU,3114,Daniel and Sons,343484.57,Stock
9JWA0,3115,Mueller - Becker,861154.47,Stock
0GQHY,3116,Hamill - Feeney,964083.75,Stock
6CBJE,3117,Friesen Group,642003.77,Stock
M8UTK,3118,Baumbach and Sons,544826.82,Stock
W18T8,3119,"Rempel, McCullough and Toy",167121.49,Stock
J78R0,3120,Crooks Inc,604083.05,Stock
4L8JT,3121,"Kling, Prohaska and Lesch",714072.34,Stock
2QDA2,3122,"Zboncak, Bruen and Deckow",907261.23,Stock
B8AFX,3123,"Metz, Welch and Lesch",83712.53,Stock
13Z7V,3124,Jacobson - Kulas,831565.69,Stock
494Z3,3125,"Marvin, Orn and Labadie",418572.82,Stock
O36I6,3126,Schinner - Senger,942714.30,Stock
SMGAH,3127,Hyatt - Treutel,289259.40,Stock
JIII9,3128,Christiansen Group,88110.75,Stock
697W4,3129,Leffler and Sons,829229.58,Stock
VLTQH,3130,Koepp - Schuster,738196.11,Stock
URUUA,3131,"Grant, Streich and Trantow",949520.05,Stock
5U3ZR,3132,Flatley - Hagenes,419845.35,Stock
WHYTO,3133,Doyle - Nitzsche,89130.15,Stock
T1N7E,3134,Gislason - Durgan,279636.68,Stock
CEWGW,3135,Mayer LLC,73855.54,Stock
RL149,3136,Bauch LLC,904559.96,Stock
Z02AL,3137,Donnelly Group,414044.56,Stock
RXFWE,3138,D'Amore and Sons,270378.30,Stock
6GLQS,3139,Lockman Group,234210.12,Stock
8ORF0,3140,Nikolaus and Sons,597492.40,Stock
Z1TT9,3141,Schaden - McClure,538346.74,Stock
GV7UK,3142,Weber - Grady,720740.49,Stock
T882N,3143,Yost - Adams,511857.69,Stock
HBW03,3144,Kunze Group,752192.41,Stock
D64TI,3145,"Ortiz, Lubowitz and Schoen",412610.16,Stock
E3CG0,3146,Daniel LLC,396496.60,Stock
DQBCP,3147,"Williamson, Hartmann and Gutkowski",933295.35,Stock
RD60L,3148,Wintheiser - Schoen,453956.55,Stock
FQRHH,3149,Muller - Hartmann,691952.13,Stock
VW35H,3150,Lind LLC,136896.14,Stock
2UFDJ,3151,Mosciski - Johnston,688447.78,Stock
82RVE,3152,Reichel - Smith,25207.65,Stock
6W87S,3153,Gleichner - Tromp,566986.01,Stock
CMVSE,3154,Gusikowski Inc,908305.56,Stock
9279R,3155,Torp LLC,491253.76,Stock
DZIIV,3156,Bins - Hagenes,566298.55,Stock
GU1D2,3157,Schmeler - Klein,517618.04,Stock
5FOKZ,3158,McCullough - Hessel,212585.25,Stock
W4K5H,3159,"Bosco, Abshire and Spinka",367053.85,Stock
UQ90Y,3160,VonRueden - Cartwright,402895.22,Stock
ZRPEF,3161,"Keeling, Price and King",886810.25,Stock
OFVRF,3162,"Tillman, Trantow and Schulist",984260.30,Stock
JV5B6,3163,Hoppe - Terry,717213.37,Stock
PWK4N,3164,Kozey - Terry,422518.49,Stock
Q47LL,3165,Stracke LLC,196002.13,Stock
VIKEA,3166,Conn LLC,432892.73,Stock
TGIWY,3167,Wunsch - Trantow,2710.97,Stock
FJRRW,3168,Koelpin Inc,911766.39,Stock
YA16G,3169,"Hickle, O'Keefe and Ritchie",499880.61,Stock
BM05R,3170,Mohr and Sons,850721.41,Stock
T565F,3171,Baumbach Inc,680064.11,Stock
3MQ1M,3172,Reichel Inc,660675.99,Stock
A2TDO,3173,"Kshlerin, Welch and Rau",769700.76,Stock
D0NUO,3174,Steuber - Gulgowski,407459.33,Stock
VUG8F,3175,"Senger, Marvin and Harber",803566.78,Stock
Z7OTE,3176,Reynolds - Brown,291671.73,Stock
SHJKW,3177,Steuber LLC,13018.16,Stock
R1CT8,3178,Shields LLC,469258.66,Stock
UTEVY,3179,Connelly Group,913567.07,Stock
P78KU,3180,Maggio - Hahn,211847.09,Stock
9AY5E,3181,Schroeder Group,843225.64,Stock
6YINJ,3182,"Barrows, Williamson and Bergnaum",946202.46,Stock
XJ10L,3183,Aufderhar - Satterfield,611083.03,Stock
779ZG,3184,Champlin and Sons,231687.82,Stock
PEMUZ,3185,Swaniawski LLC,955415.17,Stock
6JO7T,3186,Morissette - Collier,257585.92,Stock
8AD1A,3187,Dooley Group,312549.26,Stock
O6H7S,3188,Schmeler - Rowe,856044.86,Stock
Z3JLD,3189,Jakubowski and Sons,365235.96,Stock
JZEZS,3190,Spinka - White,875245.22,Stock
KN491,3191,Zulauf - Nitzsche,247074.89,Stock
RYROT,3192,Mayer Group,953198.54,Stock
RMWX7,3193,Waters - Effertz,732921.59,Stock
GPDU7,3194,Kreiger - Fritsch,781658.79,Stock
8P2A0,3195,Rowe Group,665465.62,Stock
4V5W1,3196,Kunze - Bernier,979784.52,Stock
CNGSS,3197,Turcotte - Ernser,13864.27,Stock
XRLWZ,3198,"Kling, Brown and Ferry",567252.14,Stock
LGF4C,3199,"Powlowski, Kutch and Ortiz",478114.38,Stock
NSYZ4,3200,Hodkiewicz - Morissette,571175.99,Stock
X9UW7,3201,Crooks - Doyle,444972.31,Stock
62C28,3202,"Corkery, Fadel and Langosh",956259.19,Stock
FFEUJ,3203,"Jerde, Streich and Feest",337413.47,Stock
GHTM8,3204,Runolfsdottir - Wiza,764515.83,Stock
9HZ4U,3205,Huel - Murray,685017.65,Stock
PP8QK,3206,Kilback - Lakin,310073.99,Stock
0DM56,3207,"Streich, Anderson and Kshlerin",867046.32,Stock
F3IU3,3208,Batz - Koss,341325.73,Stock
LZE19,3209,"Mitchell, Rippin and Hessel",299445.01,Stock
XWR83,3210,Gerlach LLC,747476.33,Stock
BSOTY,3211,Mueller - Hagenes,631331.70,Stock
V5ZY6,3212,Bernhard Inc,221079.87,Stock
MCC4W,3213,Rath - Tremblay,879528.91,Stock
VEBHF,3214,"Greenfelder, Littel and Kiehn",675916.05,Stock
1AY2T,3215,"Jakubowski, Lynch and Muller",774811.56,Stock
P9I7N,3216,Hirthe - Rolfson,968535.71,Stock
WQIEN,3217,Wisoky and Sons,207951.08,Stock
NKZSY,3218,Heidenreich - Schuster,558341.71,Stock
DAAJK,3219,Carter Group,330259.99,Stock
C6OHG,3220,Marvin - Reynolds,420328.88,Stock
MMKPZ,3221,"Donnelly, O'Reilly and Trantow",254401.11,Stock
BF3SO,3222,"Reilly, Daniel and Wyman",919376.94,Stock
5ZUXZ,3223,Wisoky - Ullrich,362339.36,Stock
4ALA7,3224,Murray Group,168718.49,Stock
APUDL,3225,"Fahey, Quigley and Schowalter",592434.05,Stock
TVQAA,3226,"Bruen, Treutel and Braun",870367.92,Stock
PDXJ1,3227,"Goodwin, Sawayn and Pouros",596174.84,Stock
KYSDL,3228,"Harber, Bahringer and Flatley",220931.52,Stock
4U4I0,3229,Hamill - Mosciski,249627.99,Stock
ZGLF0,3230,Gibson - Lockman,300606.87,Stock
ABVH3,3231,Tremblay Group,761865.76,Stock
3CONE,3232,Torp - Grimes,840369.73,Stock
KUX7S,3233,Lesch - Marvin,736668.37,Stock
M4YKH,3234,Barrows Inc,776050.22,Stock
MRGNQ,3235,"Tromp, Barrows and Gutmann",363077.26,Stock
C1XWF,3236,Daugherty - Dibbert,614163.51,Stock
3IQG1,3237,Hahn - Bogisich,840712.17,Stock
V0QDC,3238,"Gerhold, Crooks and Torp",517441.61,Stock
77OLY,3239,Weimann Group,121527.34,Stock
8I36K,3240,Purdy - Reichert,690804.07,Stock
6PKDK,3241,Watsica Group,632635.13,Stock
LOLQH,3242,Olson - Hackett,599095.22,Stock
FWR1C,3243,Dicki - Torp,642368.06,Stock
FPFOG,3244,Mann Group,370607.37,Stock
JTM1Y,3245,Lind - Runolfsdottir,249278.92,Stock
3H0KZ,3246,Schultz - Brekke,49841.87,Stock
4DFTM,3247,"Johnson, Langworth and Stoltenberg",871383.93,Stock
W707Q,3248,Feest LLC,166956.05,Stock
DY388,3249,O'Hara Inc,5354.81,Stock
UQQ9X,3250,Koelpin and Sons,354283.45,Stock
00SP2,3251,"Orn, Murray and Swift",115221.51,Stock
AABBM,3252,Donnelly - Simonis,93758.32,Stock
W5BC6,3253,Collier - Trantow,771426.62,Stock
AAJ3D,3254,"Howell, Stoltenberg and Kerluke",644332.36,Stock
91K1A,3255,Beer - Zemlak,600595.44,Stock
E3UST,3256,Cruickshank - Bins,520896.46,Stock
UVB77,3257,"Rempel, Reynolds and Schmeler",647178.04,Stock
6XSKF,3258,Lockman - Schimmel,751762.10,Stock
31Z0U,3259,Nitzsche - Rippin,321162.51,Stock
HNDNQ,3260,"Klein, Hauck and Schaefer",478222.86,Stock
TDHQK,3261,Crist - Reynolds,926297.86,Stock
IF965,3262,Trantow - McCullough,622091.15,Stock
T1GRV,3263,Murazik - Rowe,657406.87,Stock
A159S,3264,"Bernhard, Halvorson and Bruen",805335.54,Stock
FLXAT,3265,"Turner, Wilderman and Muller",307172.61,Stock
Y0ZRB,3266,"Heller, Durgan and Gutkowski",480790.75,Stock
N9A3A,3267,"Koss, Boehm and Kulas",716017.50,Stock
G9G0G,3268,Herman - Dare,468102.27,Stock
X2EV0,3269,Fahey Inc,172161.63,Stock
EX38T,3270,Smitham - Gerlach,72799.25,Stock
AUZ9G,3271,Upton - Oberbrunner,160966.37,Stock
I0II3,3272,Robel Group,224885.06,Stock
AS8O8,3273,Grimes - Crooks,433415.87,Stock
D7FZ3,3274,Kutch Group,245425.12,Stock
NL846,3275,"Block, Walker and Feest",181725.18,Stock
WTHYN,3276,Harber - Feest,549127.54,Stock
MLYRI,3277,Mohr Group,917672.56,Stock
XPF6D,3278,"Hintz, Mueller and Schamberger",517964.77,Stock
O29XS,3279,Kutch Group,61506.56,Stock
RYHY5,3280,"Bauch, Jones and Swift",265557.14,Stock
2BQJM,3281,Murazik Inc,903873.09,Stock
4U56J,3282,"Gutkowski, Skiles and Koepp",639559.07,Stock
5THIH,3283,Stanton and Sons,686091.91,Stock
R9WRV,3284,Anderson - Lueilwitz,446870.48,Stock
IN3I4,3285,Sanford - Rolfson,932317.03,Stock
MSXSB,3286,Sawayn - Ruecker,428994.38,Stock
S87L9,3287,"Weimann, Blick and Boyer",580248.65,Stock
YKES8,3288,"Bode, Dibbert and Rogahn",360580.38,Stock
OWQQX,3289,Reinger - Mayer,647856.07,Stock
YZTTI,3290,Ryan - Lakin,955631.85,Stock
1UN1E,3291,White LLC,319219.08,Stock
D5KZ6,3292,Jacobson and Sons,57629.49,Stock
2I97H,3293,Keeling - Jakubowski,674592.53,Stock
J527U,3294,Cassin - Fahey,772833.02,Stock
ZNIOC,3295,Armstrong - Pfeffer,722310.06,Stock
EZSGD,3296,Harvey - Jakubowski,361596.79,Stock
1TDAW,3297,Lebsack Group,173235.27,Stock
Z5A0Y,3298,Gislason Group,337335.61,Stock
5D6TV,3299,Nitzsche - Keeling,748502.51,Stock
Z3RYO,3300,Yost LLC,239773.58,Stock
PQCFH,3301,"Hirthe, Wintheiser and Stracke",352577.20,Stock
D0ASY,3302,Hayes and Sons,61879.25,Stock
8YAB6,3303,Hessel - Kub,996326.20,Stock
GBMZM,3304,"Goldner, Rolfson and Marvin",30660.56,Stock
YPPJT,3305,Reynolds Inc,812175.54,Stock
TMBHD,3306,"Hermann, Emmerich and Ratke",297200.60,Stock
F5QJB,3307,"Waelchi, Beier and Homenick",567719.00,Stock
I7CJI,3308,"Rippin, Ritchie and Bailey",639526.70,Stock
ETPKG,3309,Ledner and Sons,464333.85,Stock
9P8CF,3310,"Jerde, Cole and Skiles",258625.34,Stock
816M6,3311,Schowalter - Wintheiser,170610.87,Stock
SY27I,3312,Sawayn LLC,273154.93,Stock
L9RWN,3313,Zboncak - Rodriguez,711723.81,Stock
VW5PC,3314,"Kshlerin, Rowe and Waelchi",285498.65,Stock
7IHO5,3315,Dach - Kassulke,204673.58,Stock
27MCO,3316,Heller Group,179629.11,Stock
DA4F5,3317,"Emard, Pollich and Huels",338281.30,Stock
9QUC6,3318,Reynolds - Hickle,622803.19,Stock
MRB1A,3319,"Lind, Dickinson and Brown",603124.38,Stock
HHNYT,3320,"Raynor, O'Hara and Labadie",218453.51,Stock
B6FRQ,3321,VonRueden Inc,86243.54,Stock
GK5H3,3322,Kerluke - Dooley,856698.89,Stock
8TQFU,3323,Sauer LLC,77887.22,Stock
3WI4V,3324,Corkery Inc,766491.81,Stock
6ZKFV,3325,Breitenberg - Sanford,428274.56,Stock
2ZEJ6,3326,Stoltenberg - Dicki,929989.46,Stock
CWB7M,3327,Windler LLC,241125.78,Stock
CBPOD,3328,Skiles - Harvey,304371.10,Stock
HSY8K,3329,Olson LLC,603953.13,Stock
DJP96,3330,Gulgowski - Block,148639.88,Stock
3ZCZL,3331,Fadel LLC,880588.08,Stock
7DM2W,3332,Donnelly - Leannon,861152.67,Stock
94BOW,3333,Oberbrunner - Kohler,870983.74,Stock
L25IG,3334,Kertzmann - Koch,788734.57,Stock
9I7F0,3335,King - MacGyver,613335.70,Stock
JBN4M,3336,Schiller Inc,701828.96,Stock
F2SK5,3337,"Hammes, White and Mosciski",556179.16,Stock
WZMCY,3338,"Moore, Kessler and Predovic",702653.00,Stock
39VTU,3339,Will - Pacocha,842273.14,Stock
G7I0W,3340,"Corkery, Conn and Kling",459790.04,Stock
1OEM3,3341,Lesch and Sons,949553.91,Stock
B58QN,3342,Schaefer - Little,693813.97,Stock
9YN0L,3343,Larkin and Sons,533244.58,Stock
EZQ6F,3344,Wuckert Inc,504335.37,Stock
NSG2C,3345,"Adams, Murazik and Cremin",687934.51,Stock
PJEHL,3346,Senger - Green,231453.57,Stock
139MU,3347,Graham - Kuvalis,296565.70,Stock
QAQ0Y,3348,"Hudson, Mann and Wintheiser",124689.23,Stock
AJSVQ,3349,"Murray, Robel and Schmeler",891543.98,Stock
4K5FP,3350,Wilderman - Yundt,482784.09,Stock
XKOSH,3351,Bernhard - Keeling,19735.53,Stock
GOZVH,3352,"MacGyver, Weimann and Wolf",532333.66,Stock
DVCXE,3353,Abernathy - Kunde,303128.85,Stock
U0FVE,3354,Spinka LLC,577142.29,Stock
H22BT,3355,Schoen - Emmerich,220920.51,Stock
5POTP,3356,Johnston - Lemke,813376.22,Stock
LN9PN,3357,Runolfsdottir Inc,132855.91,Stock
3K9C2,3358,Wyman Inc,949372.32,Stock
722SH,3359,Hudson LLC,430269.71,Stock
1BC4C,3360,"Glover, Pollich and Shields",910336.81,Stock
SFXBQ,3361,Durgan - Lubowitz,951465.07,Stock
SNEF7,3362,Hansen - Williamson,540251.38,Stock
T5EFY,3363,Little - Willms,55128.07,Stock
QGXVU,3364,Bins Inc,629546.24,Stock
RC76W,3365,"Kessler, Reichel and Anderson",292884.58,Stock
4PKEF,3366,"Tromp, Dare and Langworth",604760.00,Stock
GL9OY,3367,Howe - Lueilwitz,343418.92,Stock
SOZHN,3368,Lang - Mueller,908944.67,Stock
ZHP15,3369,Durgan LLC,609431.81,Stock
VIGGB,3370,Kessler - Langosh,45018.19,Stock
N8LE3,3371,"Hirthe, Lockman and Powlowski",501266.93,Stock
1B6PS,3372,"Hodkiewicz, Sipes and Moore",635499.74,Stock
GO8GJ,3373,Berge - Murphy,410244.12,Stock
C333K,3374,Boyer - Klein,347811.76,Stock
L2RQT,3375,"Bauch, Hoeger and Jaskolski",86851.30,Stock
NXTQ4,3376,"Ziemann, Luettgen and Hayes",739983.17,Stock
1R0J1,3377,Schowalter and Sons,776643.79,Stock
RHOEZ,3378,Lakin - Lehner,950019.97,Stock
FKJ2R,3379,"Bailey, Hegmann and Pacocha",964968.90,Stock
YBWML,3380,"Pollich, Jakubowski and Grady",360129.90,Stock
Q8BC1,3381,Haley - Mertz,524947.68,Stock
UQSKU,3382,"Stoltenberg, Berge and Frami",959236.61,Stock
9TC28,3383,Donnelly and Sons,696604.92,Stock
1TMNF,3384,Yost and Sons,580792.20,Stock
IAWNG,3385,"Waters, Reilly and Boyer",231151.89,Stock
Q1MEV,3386,Kemmer - Nienow,175245.77,Stock
5362C,3387,Hayes - Predovic,403979.98,Stock
6AYN4,3388,Adams and Sons,338355.61,Stock
6WMSJ,3389,"Wisoky, Zulauf and Jerde",360652.30,Stock
R134I,3390,"Quigley, Legros and Kertzmann",409219.40,Stock
XMN03,3391,Zulauf - Becker,441750.74,Stock
XPFV7,3392,Heathcote Inc,100983.80,Stock
N8MRK,3393,"Larkin, Langosh and Leffler",304878.09,Stock
U4KWW,3394,McClure Inc,206474.14,Stock
VJJ6L,3395,Kovacek - Rogahn,540357.84,Stock
WU3L0,3396,Medhurst - Reichert,973189.54,Stock
BU2ZJ,3397,Powlowski and Sons,192319.21,Stock
DTIBQ,3398,Collins and Sons,986095.16,Stock
RGN05,3399,Wolf LLC,997408.52,Stock
83I7I,3400,"Beahan, Paucek and Hackett",98120.29,Stock
V0G18,3401,Crooks - Towne,471731.90,Stock
L3VMD,3402,Emmerich - Volkman,451647.15,Stock
AP7YU,3403,Weber Group,546519.69,Stock
L0XKC,3404,"Batz, Cassin and Torphy",854062.08,Stock
EEEXX,3405,Rohan - Zieme,313826.25,Stock
LPH9K,3406,Botsford - Doyle,222272.05,Stock
5N04Q,3407,"Thiel, Dickens and Funk",937526.26,Stock
JJ4M1,3408,Hamill - Kertzmann,647604.38,Stock
RACQL,3409,Little - Conroy,876617.95,Stock
G4O59,3410,"Leffler, Dach and Hintz",321543.16,Stock
OKM5G,3411,"Spencer, Ondricka and Hudson",289036.86,Stock
N0O0F,3412,"Pollich, Kozey and Boehm",439620.23,Stock
LKZZZ,3413,"McKenzie, Jaskolski and Beier",197807.91,Stock
T7Y5U,3414,Skiles - Hodkiewicz,878480.09,Stock
AW413,3415,Daniel LLC,189899.25,Stock
PA8FL,3416,"Ortiz, Kiehn and King",691690.67,Stock
M6XUB,3417,Price Inc,588351.10,Stock
UTS9A,3418,Gibson - Ferry,693743.53,Stock
JH2BJ,3419,Braun - Considine,72456.53,Stock
LRCY5,3420,Conroy LLC,595623.20,Stock
D2TGT,3421,McGlynn Inc,12574.79,Stock
GZTBG,3422,"Wolf, McClure and Muller",893832.36,Stock
AMUPN,3423,Cronin LLC,529546.12,Stock
OPO9D,3424,"Ondricka, Kovacek and Hayes",900807.35,Stock
DCYG8,3425,"Bernier, Gibson and Bode",647713.19,Stock
WUZG2,3426,Morar Group,438709.84,Stock
G58MO,3427,"Hirthe, Lesch and Hirthe",155482.30,Stock
LEU2Z,3428,"Dicki, Sawayn and Rempel",438730.57,Stock
GGDW1,3429,Weimann LLC,393846.95,Stock
MH06O,3430,Berge - Osinski,240331.97,Stock
PAH2E,3431,Mraz and Sons,141002.17,Stock
XHWTP,3432,"Harvey, Smith and Labadie",978950.46,Stock
966MA,3433,Walter LLC,74765.00,Stock
PRGI0,3434,"Cummerata, Fay and Keebler",409664.27,Stock
1HK7X,3435,Jacobs Group,392751.30,Stock
OB1RE,3436,Romaguera Group,725825.06,Stock
N739N,3437,Effertz - Wiegand,525875.07,Stock
ZVLA8,3438,"Kautzer, Schowalter and Fahey",460962.05,Stock
Z8JJ6,3439,Olson - Mayer,715723.30,Stock
XCWA2,3440,Little - Bruen,355922.23,Stock
UNR4U,3441,"Ritchie, Pollich and Grant",788477.37,Stock
0T8QY,3442,Schiller Group,95049.89,Stock
OXT4S,3443,Wilkinson - Gorczany,124866.77,Stock
OSWKJ,3444,Thompson Group,551122.35,Stock
84O8E,3445,Swaniawski LLC,65670.57,Stock
OLXS4,3446,Kirlin - Boyer,542361.70,Stock
ZQUP9,3447,Morar - Ankunding,368740.02,Stock
G9ZV8,3448,"Robel, Brekke and Bergnaum",202936.43,Stock
FI8NP,3449,Rempel - Crooks,447688.60,Stock
WOGXJ,3450,Dibbert - Goodwin,612733.69,Stock
UPHAI,3451,"Trantow, Abernathy and Durgan",526098.15,Stock
QPDE9,3452,Nienow and Sons,704076.65,Stock
2562P,3453,Mayer Group,748830.85,Stock
IQ4Z8,3454,Ernser and Sons,731980.30,Stock
X8PF2,3455,Doyle and Sons,752583.17,Stock
IA7RY,3456,Kub LLC,912773.72,Stock
CSZD2,3457,Considine Group,47149.85,Stock
LQG56,3458,Larkin Inc,550578.86,Stock
N3XL5,3459,"Jerde, Nienow and Mills",36921.16,Stock
QR2UA,3460,Powlowski Inc,520366.42,Stock
K6LWX,3461,Stanton LLC,765733.84,Stock
39DBF,3462,"Toy, Schinner and King",386899.59,Stock
7T5D0,3463,Greenholt Group,433767.76,Stock
6YCGN,3464,"Hoppe, Sauer and Larkin",913784.56,Stock
67ODR,3465,Kassulke and Sons,740922.88,Stock
GNQ08,3466,Ankunding and Sons,376199.92,Stock
TKWJX,3467,Gulgowski - Weissnat,418865.59,Stock
RSP90,3468,Tillman - Gottlieb,422488.58,Stock
IGD20,3469,Lueilwitz - Ryan,211608.78,Stock
6QX5P,3470,"Altenwerth, Hartmann and Stroman",187682.41,Stock
MABHH,3471,Morissette - Thiel,829429.34,Stock
N2GG7,3472,"Gerlach, Konopelski and Ondricka",193809.01,Stock
6JLIP,3473,"Kub, Barton and Rodriguez",570724.20,Stock
0LESQ,3474,Pollich Group,647397.30,Stock
W6Q9C,3475,Upton Inc,975902.16,Stock
9PD8M,3476,Farrell Inc,716991.96,Stock
TSD6F,3477,"Hackett, Nolan and Block",719426.53,Stock
QAAKI,3478,"O'Kon, McGlynn and Fritsch",287443.07,Stock
7GAKE,3479,Mante Group,923717.52,Stock
ZIH22,3480,Brekke - Goodwin,782998.64,Stock
ZBFOJ,3481,Hudson Inc,512537.08,Stock
SPGAH,3482,"Sipes, Zboncak and Witting",426526.24,Stock
ZSBJV,3483,"Tillman, Goodwin and Legros",211255.58,Stock
836BM,3484,Renner - Schultz,648845.69,Stock
WAQEF,3485,Larson - Kshlerin,504640.53,Stock
ZC6WV,3486,"Kshlerin, Bergstrom and Leffler",215028.33,Stock
TY80C,3487,"Leffler, DuBuque and Zboncak",899000.97,Stock
PY8DD,3488,"Hamill, Mitchell and Jacobi",838945.55,Stock
N2T2I,3489,Koss LLC,334662.56,Stock
C3DIK,3490,"Greenfelder, Bartoletti and Dickinson",325828.39,Stock
PDVOO,3491,"Watsica, Beier and Reinger",63419.44,Stock
JNIXV,3492,Bartoletti - Carroll,814850.63,Stock
Q71P4,3493,Skiles - Anderson,891234.02,Stock
FNOG5,3494,Beer LLC,342756.96,Stock
4D0S6,3495,"Leannon, Nicolas and Gorczany",186676.72,Stock
5I6QO,3496,Olson LLC,830654.30,Stock
Z8LLY,3497,Harris LLC,13582.04,Stock
3HRF8,3498,Metz and Sons,123217.03,Stock
PEVHG,3499,O'Connell Group,509077.84,Stock
9W0ET,3500,Farrell - Marvin,835289.72,Stock
LIFV6,3501,Labadie LLC,38060.73,Stock
Q933S,3502,"Botsford, Marvin and Douglas",64032.40,Stock
HR0DD,3503,Muller - Carter,137437.69,Stock
ONJXL,3504,Harvey LLC,106901.44,Stock
U75EW,3505,Berge and Sons,78019.83,Stock
5T7V7,3506,Cruickshank - Spencer,562743.21,Stock
K51JU,3507,Hilll Inc,264623.85,Stock
ITO21,3508,Yundt Group,553601.54,Stock
Z3VM7,3509,Klocko - Schaefer,902205.93,Stock
WTFGJ,3510,Romaguera - Dach,730470.55,Stock
0ACZE,3511,Rutherford - Kub,203804.23,Stock
V3SRE,3512,Smitham LLC,27801.00,Stock
DYXIS,3513,Dickinson - Hudson,65315.46,Stock
199AJ,3514,"Kiehn, Boyer and Blanda",112525.83,Stock
ZOVRK,3515,Kemmer LLC,541424.18,Stock
4E095,3516,Thiel - Berge,951677.39,Stock
IHOJB,3517,Hudson - Leannon,280954.93,Stock
T8IZW,3518,"Reinger, Metz and Runolfsson",616420.26,Stock
6C0XM,3519,Jakubowski - Hoppe,502629.66,Stock
S3WW1,3520,Wintheiser - Padberg,91531.87,Stock
DY1ZQ,3521,"Ward, Bailey and Stroman",436915.29,Stock
F3MRZ,3522,Flatley LLC,622121.39,Stock
12C8M,3523,"Harris, Walter and Kuhn",558005.16,Stock
J1VSY,3524,"Ortiz, Reichel and Walter",190123.39,Stock
9NDRC,3525,Lowe Inc,380914.06,Stock
X0P1F,3526,Wyman Inc,340855.30,Stock
PF62J,3527,Schumm - Hirthe,14188.44,Stock
7TSYC,3528,Leuschke Inc,367992.50,Stock
OA0ZN,3529,Lockman Inc,896725.67,Stock
HHLFY,3530,Harber - Schmitt,920939.29,Stock
77428,3531,Abshire - Spinka,718332.47,Stock
JYNIH,3532,Towne Group,349148.68,Stock
0PRJQ,3533,Marks Inc,75720.84,Stock
SV7YH,3534,"Huels, Bechtelar and McDermott",757372.53,Stock
L2Q3V,3535,Hartmann - Armstrong,777190.53,Stock
Z0DUT,3536,Sanford Group,255451.58,Stock
OGDO6,3537,Zulauf - Christiansen,950280.54,Stock
06157,3538,"Cole, Wisozk and Kuhic",351593.12,Stock
V9YW5,3539,"Lowe, Abbott and Gerhold",612002.07,Stock
1OYDI,3540,McDermott and Sons,945321.63,Stock
W2YWS,3541,Macejkovic - Jacobi,929879.63,Stock
U629I,3542,Smith - Bogisich,941703.16,Stock
HJ33R,3543,"Larson, Bergnaum and Jerde",491146.10,Stock
SIINE,3544,Kertzmann LLC,52055.21,Stock
YGJ21,3545,Brakus - Deckow,642792.94,Stock
S67UG,3546,Rogahn Inc,887610.38,Stock
SZ7VC,3547,Bernhard Group,397408.55,Stock
JNNEK,3548,"Schaden, Grant and Kerluke",332557.36,Stock
HYCK4,3549,"Botsford, Welch and Wiegand",420598.64,Stock
19KH7,3550,Kuvalis - Spinka,950237.90,Stock
4S9RP,3551,Donnelly and Sons,84100.48,Stock
RNZDA,3552,O'Keefe - Fahey,133839.30,Stock
NMRP9,3553,Kunze Group,834533.89,Stock
6F3DF,3554,"Hauck, Howell and Blanda",953283.14,Stock
P9XXW,3555,Simonis Inc,144048.39,Stock
OYGZA,3556,Rodriguez - Dickinson,974585.51,Stock
EJCFB,3557,Luettgen - Schneider,333156.37,Stock
NAJCG,3558,Prosacco - Baumbach,707472.85,Stock
PU6IR,3559,"Herman, Douglas and Marks",715149.66,Stock
74NTM,3560,Quitzon - Carter,490188.77,Stock
YL7VT,3561,"Johns, Nikolaus and Schroeder",285200.36,Stock
HIM3W,3562,Upton and Sons,320167.30,Stock
L2L77,3563,"Bosco, Kunde and Ferry",18148.83,Stock
O2BJX,3564,"McDermott, Adams and Kreiger",903336.13,Stock
DEUXE,3565,Champlin - Kunze,971038.35,Stock
QYJ66,3566,Wolf - Mann,19801.79,Stock
D0083,3567,Farrell - Emmerich,350714.23,Stock
736AP,3568,Lesch - Nienow,427595.55,Stock
Q57L8,3569,Ledner - Swift,605467.74,Stock
CIVOB,3570,Mann and Sons,508669.17,Stock
4BEER,3571,"Gleason, Runolfsdottir and Kulas",948218.09,Stock
G9YNA,3572,Rutherford and Sons,834821.45,Stock
SRQNT,3573,Kuhic Inc,136747.44,Stock
RH0Y3,3574,"Daniel, Collins and Lubowitz",515989.81,Stock
RGDGT,3575,Robel - Grady,329256.99,Stock
KOTM4,3576,"Schulist, Funk and Jerde",840850.02,Stock
H7MN9,3577,"Reichert, DuBuque and Kovacek",503027.15,Stock
3KQ5B,3578,"Heller, Kertzmann and Hagenes",844619.49,Stock
0ORAZ,3579,"Jacobi, Haag and Weber",932168.82,Stock
DD9SU,3580,"White, Stokes and Toy",960562.60,Stock
4DDXK,3581,Stanton - Reichert,207506.72,Stock
GLE9J,3582,"Altenwerth, Wehner and Osinski",305482.92,Stock
OEQHJ,3583,Schuppe - Klocko,318046.84,Stock
YBSTO,3584,Kohler - Rau,290162.08,Stock
Q6JYW,3585,Senger LLC,631154.34,Stock
Y3QA0,3586,Lueilwitz and Sons,373100.12,Stock
DWTL3,3587,Lehner Inc,795079.91,Stock
IMWBG,3588,Reichel Group,354758.62,Stock
PIGX3,3589,"Stracke, Bosco and Gislason",777541.05,Stock
APAMA,3590,"Kuphal, Mosciski and Luettgen",671691.44,Stock
3I8XX,3591,Olson - Schmidt,134572.33,Stock
NQFXT,3592,Schowalter and Sons,647582.14,Stock
QMLF5,3593,"Hartmann, Green and Tremblay",952229.81,Stock
90ZB2,3594,Beer Group,332724.23,Stock
JWAIU,3595,"D'Amore, Gorczany and Koepp",583437.88,Stock
JA0KP,3596,"Schoen, Funk and Hilll",886499.54,Stock
2MV7H,3597,Larson and Sons,80270.90,Stock
CYNHV,3598,Nader LLC,422186.34,Stock
RGC2O,3599,"Heller, Beahan and Kautzer",104387.68,Stock
MZFO7,3600,"Schamberger, Wiza and Zulauf",428088.84,Stock
TB7BD,3601,Witting - Parker,688605.91,Stock
B7NNE,3602,"Hyatt, Flatley and Bergstrom",432179.66,Stock
AO7M8,3603,"Murphy, Reinger and Lueilwitz",174608.07,Stock
HQOCL,3604,"Hickle, Lemke and Wilderman",279916.02,Stock
AOQJO,3605,"Lindgren, Conroy and Witting",161720.75,Stock
YKNFI,3606,Wilkinson and Sons,27220.88,Stock
2KJVA,3607,Collins - Bruen,583919.99,Stock
1M6HR,3608,"Weissnat, Mayer and Little",303162.16,Stock
OX0U0,3609,Thompson - Miller,963191.00,Stock
B5YGN,3610,Yost - Rath,837178.18,Stock
EXL4O,3611,"Bergstrom, Hudson and Murphy",430492.58,Stock
2W0MS,3612,Greenholt - Huel,780917.02,Stock
QICA2,3613,Kihn LLC,60936.71,Stock
KY8FD,3614,Gerlach and Sons,346262.00,Stock
TC7Q4,3615,"Kirlin, Dooley and Balistreri",70853.42,Stock
J5A8B,3616,Murphy Group,289755.68,Stock
3VHUA,3617,Olson Inc,71642.05,Stock
NJ96L,3618,Ratke and Sons,551460.18,Stock
JR83G,3619,Hilpert Group,715344.98,Stock
AQWEP,3620,Wisozk Group,191874.82,Stock
KZ2W0,3621,Hodkiewicz - Bradtke,165024.84,Stock
CJ5UI,3622,"O'Keefe, Wintheiser and Jacobson",25426.00,Stock
0EBVF,3623,Cassin and Sons,825172.19,Stock
8TMSI,3624,Keeling LLC,637120.26,Stock
RKFHR,3625,"Schinner, Smitham and O'Kon",643544.53,Stock
E4KAJ,3626,"Kunze, Nikolaus and Collier",897134.66,Stock
MRL00,3627,Rohan Inc,90249.48,Stock
61NMH,3628,"Marquardt, Jacobi and Lynch",49462.05,Stock
KXXHA,3629,Glover - Maggio,935557.40,Stock
8E8JQ,3630,"Fahey, Casper and Gaylord",336794.32,Stock
FR6JX,3631,Stroman Inc,541215.28,Stock
H3PAJ,3632,Wisoky - Spinka,745116.08,Stock
A8SLB,3633,"Pagac, Corwin and Pfannerstill",302129.49,Stock
IXLMF,3634,Hahn LLC,936481.67,Stock
ZVBXH,3635,"Conroy, D'Amore and Hodkiewicz",394166.03,Stock
VFVLC,3636,Crona - Nitzsche,961512.98,Stock
6VHMY,3637,Thiel - Gutmann,630385.61,Stock
H9KEN,3638,Hayes Group,888104.34,Stock
YABY5,3639,Roob LLC,419047.74,Stock
MB91J,3640,Heller - Rutherford,518501.83,Stock
WDXAL,3641,Langosh - Abernathy,505343.90,Stock
EHRKU,3642,Rodriguez - Pagac,368004.84,Stock
B7P2A,3643,Corkery - VonRueden,821.05,Stock
MFQ4V,3644,Langosh LLC,504282.77,Stock
HNPN7,3645,Schinner - Sporer,315557.30,Stock
Q2HLW,3646,Becker - Welch,293311.09,Stock
SU3RS,3647,Kassulke - Dicki,794846.76,Stock
9L5RZ,3648,"Corwin, Buckridge and Friesen",639656.98,Stock
NZ80C,3649,O'Reilly - Gerlach,292916.37,Stock
I3POU,3650,"Russel, O'Connell and Bahringer",28218.18,Stock
VTI38,3651,Ziemann Inc,719194.99,Stock
AH98D,3652,Pacocha - Powlowski,602431.01,Stock
URV08,3653,Legros Group,563198.18,Stock
KWAR0,3654,Bogisich LLC,536871.28,Stock
5WZLN,3655,Welch and Sons,471551.94,Stock
RAQK5,3656,Cummings and Sons,534677.70,Stock
UUKD0,3657,Kessler Inc,464159.65,Stock
BIH5A,3658,Thiel - Brown,782206.91,Stock
93PUV,3659,"Okuneva, Hilpert and Veum",566918.42,Stock
ZR9BU,3660,Hamill - Kemmer,800756.51,Stock
SVHPJ,3661,Brekke - Leuschke,888587.11,Stock
MZRXS,3662,Stoltenberg - Stanton,48100.09,Stock
50PSP,3663,Swaniawski Group,366846.44,Stock
16MH6,3664,Blick Inc,30829.41,Stock
3JJAZ,3665,Russel - McLaughlin,36487.73,Stock
12Y4G,3666,Lockman LLC,439983.45,Stock
Z6EMF,3667,"Green, Wisozk and Leuschke",181851.89,Stock
5TB57,3668,Schroeder - Orn,412842.25,Stock
U0O80,3669,Schamberger and Sons,820571.27,Stock
XQO77,3670,Bartoletti - Bergnaum,68439.11,Stock
W4X6D,3671,"McKenzie, Mertz and Stiedemann",681925.96,Stock
WR1OL,3672,Lockman LLC,729555.01,Stock
R6RLC,3673,Cartwright - Leffler,502803.52,Stock
YLEKL,3674,Towne Group,732676.18,Stock
XTB3G,3675,Breitenberg and Sons,698534.01,Stock
V12Q3,3676,Gutmann Inc,304340.15,Stock
XARMA,3677,Bogan - Smith,683656.82,Stock
BC5SK,3678,Jacobs - Miller,43336.43,Stock
6NPRA,3679,Runte Inc,695552.95,Stock
N7H0H,3680,Abbott Inc,892779.97,Stock
BJWPU,3681,"Lubowitz, Dibbert and Crona",936877.72,Stock
HXYWO,3682,"Wuckert, Schmeler and Considine",82604.97,Stock
JMAIQ,3683,"Deckow, Witting and Cummerata",999027.02,Stock
E9DZT,3684,Lowe - Gusikowski,876563.22,Stock
SBEUX,3685,"Crist, Graham and White",851719.89,Stock
CKLK0,3686,Rath - Gerhold,591918.06,Stock
DYHEO,3687,Howe LLC,253147.29,Stock
40JM8,3688,"Rolfson, Sipes and Brekke",953256.41,Stock
RD414,3689,Hodkiewicz LLC,140261.93,Stock
CTG6W,3690,"Willms, Gutkowski and Schowalter",671502.76,Stock
H33AR,3691,"Zemlak, Hintz and Hintz",636160.56,Stock
CGNH8,3692,Mann Group,957930.69,Stock
GQMX5,3693,"Towne, Gerhold and Von",353669.90,Stock
P8Q01,3694,"Casper, Parisian and Stehr",627581.68,Stock
AZE5C,3695,O'Conner - Goodwin,823386.49,Stock
780N2,3696,Ebert - Rau,351778.21,Stock
5XJMG,3697,Volkman Group,869654.76,Stock
NFLAM,3698,"Davis, Friesen and Breitenberg",714372.18,Stock
K9HY1,3699,Nicolas - Herzog,68095.67,Stock
5Q34S,3700,"Kris, Murphy and Moore",59428.88,Stock
JOY3C,3701,Heathcote - Goyette,648363.55,Stock
XE7FN,3702,Blanda - VonRueden,607720.88,Stock
IUY3K,3703,"Heaney, Medhurst and Pagac",982046.18,Stock
ATT95,3704,Weissnat Group,551198.22,Stock
4GYUV,3705,"Schulist, Hudson and Miller",180810.12,Stock
8S6TD,3706,"Effertz, Sporer and Reichert",65580.96,Stock
WEIIM,3707,"Schaefer, Mayer and Medhurst",403512.94,Stock
UGQEJ,3708,"Bruen, Cole and Beier",456735.78,Stock
DCC7X,3709,Lockman - Adams,100282.05,Stock
WD78S,3710,Langworth LLC,2839.08,Stock
F82L2,3711,Gorczany LLC,943282.15,Stock
R9T8S,3712,"Gleason, Emmerich and Schaden",45960.80,Stock
6L736,3713,Effertz - Beahan,560267.72,Stock
MNJ4T,3714,Fadel LLC,258509.13,Stock
S9KYP,3715,Brekke - Runte,23766.37,Stock
25FRL,3716,Koss - Stark,738464.67,Stock
74WHU,3717,Rau LLC,356688.13,Stock
HMF84,3718,Adams LLC,124409.30,Stock
Z8VOM,3719,Klein and Sons,770774.31,Stock
UU2EF,3720,Hilpert Inc,523775.74,Stock
4BFGY,3721,Fay Group,634960.47,Stock
AT1EB,3722,Jacobs Group,215786.08,Stock
HJHL3,3723,Hodkiewicz LLC,303742.59,Stock
37508,3724,"McClure, Cummerata and Roob",47728.60,Stock
JASAO,3725,Hauck - Buckridge,350468.67,Stock
FJW0P,3726,Blick and Sons,485459.70,Stock
7PVSC,3727,"Romaguera, Hermiston and Collins",522353.83,Stock
TT0Z1,3728,Streich - Abernathy,136120.93,Stock
8TH1E,3729,Daugherty Inc,694018.69,Stock
3I69V,3730,Rempel Inc,131121.57,Stock
NIFXS,3731,Schulist Group,638407.43,Stock
EKVZJ,3732,Weissnat LLC,675764.56,Stock
6BS14,3733,"Beier, Bruen and Gutmann",29874.95,Stock
JXS54,3734,Sauer and Sons,958079.23,Stock
B1E3W,3735,Larson - Leannon,255710.36,Stock
3Z77R,3736,Hammes - O'Kon,260240.38,Stock
GBP0L,3737,"Sawayn, Rodriguez and Hamill",878005.13,Stock
QL0FS,3738,"West, Ritchie and Mueller",400997.49,Stock
DQGYO,3739,"Goldner, Nicolas and Blick",431059.86,Stock
UDD2M,3740,Robel - Hermann,177490.00,Stock
S3XOP,3741,Weissnat LLC,11681.77,Stock
REYN5,3742,Lebsack and Sons,966355.22,Stock
RB38L,3743,"Torphy, Larkin and Rath",848333.01,Stock
JDDV7,3744,Ryan - Bailey,353571.95,Stock
O17F7,3745,Spencer Group,488032.14,Stock
68P64,3746,Wintheiser - Williamson,221818.85,Stock
PVC4X,3747,Bosco - Sporer,680894.77,Stock
EJQEB,3748,Cummings Group,593216.76,Stock
B4J9M,3749,"Jacobi, Simonis and Pacocha",638184.61,Stock
C80RD,3750,McLaughlin - Schinner,636552.93,Stock
K4Z98,3751,Christiansen - Brakus,136946.37,Stock
X0SAO,3752,"Macejkovic, Keebler and Krajcik",778390.42,Stock
LPSBF,3753,Leuschke - Lockman,178239.92,Stock
RDT6L,3754,Mosciski - Heathcote,400781.09,Stock
1WKP7,3755,Gleichner LLC,660538.21,Stock
YBBT1,3756,"Schulist, Terry and Mraz",557004.52,Stock
JQMM5,3757,"Langosh, Johnson and Sawayn",781463.11,Stock
I04SI,3758,"Borer, Wilkinson and Robel",418635.68,Stock
WIKW2,3759,Mitchell - Terry,515835.78,Stock
S83UH,3760,Boehm - Kihn,555929.73,Stock
KJRU4,3761,"Carter, Greenholt and Grant",959908.67,Stock
IBDCM,3762,Bartoletti Group,189486.44,Stock
J828J,3763,"Stroman, Gibson and Wuckert",831710.48,Stock
JCO7C,3764,Larson and Sons,681036.59,Stock
NFP1G,3765,Hamill - Wunsch,141639.27,Stock
GXMI4,3766,"VonRueden, Farrell and Jakubowski",876568.09,Stock
B8PMV,3767,Rice - Rippin,481814.58,Stock
40PBX,3768,Howe - Spencer,848742.34,Stock
R6BBR,3769,"Mills, Luettgen and Cartwright",521615.63,Stock
TJQMW,3770,Terry - Ritchie,926384.86,Stock
UO212,3771,"Padberg, Turcotte and Wintheiser",808617.46,Stock
0WWLC,3772,Hodkiewicz Inc,136842.01,Stock
XXZZM,3773,Wiza and Sons,998576.23,Stock
ESH8T,3774,Adams - Haley,373662.68,Stock
O487D,3775,Rogahn - Grady,842244.10,Stock
XYEEX,3776,Robel - Raynor,36609.92,Stock
TU2M1,3777,Pagac - Witting,26138.93,Stock
R2AU2,3778,"Rice, Wolf and Hodkiewicz",656567.21,Stock
QKI9W,3779,Grant - D'Amore,761002.15,Stock
ZUXKU,3780,Borer - Hessel,966405.52,Stock
22HGE,3781,Volkman - Kerluke,774801.39,Stock
M4C1N,3782,Boehm Group,970336.73,Stock
BL66Y,3783,Von - Ferry,468447.15,Stock
P77OX,3784,Runte - Yundt,518519.78,Stock
A95F6,3785,Mertz - Emard,90467.41,Stock
Y7KNM,3786,"Kling, Kling and Franecki",616896.95,Stock
V43PE,3787,McLaughlin Group,601999.66,Stock
Y6QGF,3788,Hilpert - Renner,757425.53,Stock
WF7QI,3789,Nicolas Group,315239.86,Stock
4KLIB,3790,Corwin Inc,308125.48,Stock
KQUS8,3791,"Ziemann, Hauck and Wintheiser",197342.91,Stock
RA0NT,3792,"Kuhic, Becker and Towne",498828.83,Stock
XJD98,3793,"Johnson, Hoppe and Conn",621315.77,Stock
YG3BF,3794,Cronin and Sons,860110.89,Stock
Z1039,3795,Mayert - Bednar,625926.37,Stock
YPNDL,3796,Lemke - Simonis,540979.02,Stock
DLK1J,3797,Heathcote and Sons,26569.43,Stock
OZK98,3798,Dickinson Group,45819.21,Stock
LUATQ,3799,Schiller - Hudson,92328.33,Stock
7LUWY,3800,Murray - Ebert,741721.22,Stock
2XIZW,3801,Hills Inc,471812.91,Stock
YPG0K,3802,Kuphal Group,834753.11,Stock
QJU5F,3803,Breitenberg LLC,427871.00,Stock
7S1EV,3804,Gutkowski Group,356515.93,Stock
KMXYB,3805,Cronin LLC,447426.13,Stock
70MS8,3806,"Marquardt, Ortiz and Langworth",290595.79,Stock
I6OXY,3807,"Murazik, Parker and Mosciski",909852.76,Stock
TFUUR,3808,Bernhard Group,556517.39,Stock
7ZKQT,3809,Buckridge - Kunde,778031.45,Stock
ZTN9C,3810,Satterfield and Sons,579746.89,Stock
Y001T,3811,Schumm - Walsh,394662.53,Stock
6U939,3812,"Bruen, Predovic and Swaniawski",344341.57,Stock
DN5MP,3813,"Kshlerin, Oberbrunner and Hansen",772885.72,Stock
2B0U4,3814,Zieme Group,563305.01,Stock
5TM44,3815,Kub Group,164704.93,Stock
PEEVW,3816,Cummerata - Renner,730731.21,Stock
VDBQR,3817,Corwin - Auer,288536.42,Stock
504XR,3818,Cole Group,28191.13,Stock
49IPG,3819,Halvorson and Sons,512729.87,Stock
7FJP4,3820,"Heathcote, Grimes and Kuhn",159130.97,Stock
1FZBE,3821,"Mosciski, Jacobi and Sporer",424611.43,Stock
NBJEZ,3822,Rempel LLC,756466.71,Stock
XCEHQ,3823,Roob Group,154410.13,Stock
025OH,3824,"Moore, Moen and Morissette",305714.10,Stock
7AF9Q,3825,Kovacek LLC,281458.58,Stock
0JOC4,3826,Stanton - Shields,639945.82,Stock
KO0PS,3827,Krajcik - Lang,31507.20,Stock
HN2CI,3828,Jones - McClure,687177.98,Stock
H2NXV,3829,Krajcik LLC,849776.36,Stock
MNYO7,3830,Witting LLC,61781.96,Stock
HI1U5,3831,"Barrows, Turner and Bailey",274070.74,Stock
1DVJM,3832,"Herzog, D'Amore and Lynch",661872.68,Stock
VQ7CS,3833,"Kemmer, Hoppe and Murray",812684.77,Stock
BL973,3834,"Renner, Schoen and Koch",119274.25,Stock
3IZEX,3835,Kiehn - Fisher,483246.23,Stock
27JN9,3836,Flatley Group,412784.98,Stock
P184J,3837,Jerde LLC,298261.73,Stock
OG9J6,3838,"Kessler, Hayes and Kiehn",107801.87,Stock
9BJ5B,3839,"Lockman, Greenfelder and Torphy",330988.17,Stock
2SC1Q,3840,"Fritsch, McKenzie and Pagac",332634.58,Stock
9ZLK4,3841,Ferry Group,968781.83,Stock
CQQXI,3842,Williamson Group,653220.08,Stock
3STGU,3843,Bailey - Homenick,485058.32,Stock
37TZN,3844,Brekke - Bayer,897675.05,Stock
ORF1C,3845,Hand - Murazik,354091.62,Stock
59Y0C,3846,"Metz, Funk and Watsica",605384.08,Stock
4XG36,3847,"Conn, Crona and Corwin",796599.64,Stock
5LW1C,3848,"Mayert, Smith and Heathcote",83021.74,Stock
VVLQI,3849,Bergnaum - Beahan,446985.46,Stock
AIF6T,3850,"Nienow, Cole and Dooley",461344.97,Stock
UHCRW,3851,Rolfson and Sons,330066.18,Stock
OQN3P,3852,"Koepp, Little and Hessel",914791.90,Stock
Y6KQD,3853,Waters LLC,199398.18,Stock
F2TLC,3854,Bergnaum - Macejkovic,718767.65,Stock
OV1C9,3855,"Dibbert, Wilkinson and Lehner",105449.29,Stock
FPWWP,3856,Leannon LLC,629493.62,Stock
RZDUA,3857,Hansen - Conroy,303671.19,Stock
DWWRQ,3858,"Carroll, Green and Boyer",90846.62,Stock
AIVMF,3859,"Spencer, Hamill and Von",827152.46,Stock
410LV,3860,Abernathy LLC,171812.38,Stock
LA8Z4,3861,Luettgen LLC,845595.96,Stock
Y52U8,3862,Herzog - Rau,529952.40,Stock
4QE5Q,3863,Halvorson - Bailey,243299.25,Stock
DB0K6,3864,Carroll - Wiza,53692.87,Stock
LAEFA,3865,Ziemann LLC,616340.10,Stock
9SL9U,3866,"Mertz, Bayer and Hessel",97811.50,Stock
KNV5D,3867,"Kiehn, Wiza and Kertzmann",425616.37,Stock
YVISQ,3868,"Huel, Langosh and Jacobs",977550.42,Stock
KO80P,3869,"Stark, Pagac and Koss",689359.25,Stock
LQ4KA,3870,Romaguera Inc,160060.31,Stock
2AB3N,3871,Wehner and Sons,244584.77,Stock
TJ43R,3872,Champlin - Jacobson,296631.56,Stock
EUF48,3873,Rogahn - Stiedemann,868151.68,Stock
UA7QS,3874,Heller - Schimmel,233600.91,Stock
DH1UW,3875,Moen LLC,185149.28,Stock
1IZMT,3876,Wilkinson Group,503266.50,Stock
SX1ZQ,3877,Dibbert - Ledner,574052.55,Stock
2RTH5,3878,"Cormier, Greenholt and Boyle",93064.11,Stock
KY46A,3879,Hoppe and Sons,819358.78,Stock
HRJ9Q,3880,"Hamill, Greenfelder and Funk",209608.04,Stock
7PL7V,3881,"Parisian, Considine and Homenick",747988.85,Stock
BF2DY,3882,"Rolfson, Effertz and Abshire",833155.16,Stock
4FKW2,3883,Ortiz - Runte,739357.97,Stock
3PG60,3884,Harvey - Leannon,481656.43,Stock
XBF33,3885,Mueller - Stracke,358476.42,Stock
O6B44,3886,Johnston Group,68136.85,Stock
SILIC,3887,"Jakubowski, Frami and Harris",636185.34,Stock
4FGQ3,3888,Cassin and Sons,365158.03,Stock
1B9H6,3889,Robel and Sons,306817.65,Stock
YKKRR,3890,O'Conner - Hartmann,172037.37,Stock
BS3TZ,3891,Yost Inc,841421.74,Stock
F7UEG,3892,"Bednar, Russel and Nolan",237321.66,Stock
BC2V0,3893,Dietrich Inc,359531.05,Stock
DN5R1,3894,Crona LLC,806834.49,Stock
8BAFE,3895,Johnson - Parisian,222856.63,Stock
63OK9,3896,"Jerde, Toy and Williamson",107915.94,Stock
W2PT8,3897,Rempel - Labadie,257943.01,Stock
O6FZR,3898,Jaskolski Group,83931.25,Stock
X6G45,3899,"Wisoky, Powlowski and Beer",908396.38,Stock
3V4BW,3900,Marks LLC,691683.08,Stock
I260W,3901,Ryan Inc,507111.56,Stock
7CSLK,3902,Durgan Group,663987.17,Stock
GYKRN,3903,Schuster - Mayert,82949.47,Stock
JVJTZ,3904,Rau - Thiel,203141.05,Stock
X94WC,3905,"Koelpin, Dickens and Yost",736061.53,Stock
IAKHC,3906,Hills - Hermann,896737.56,Stock
QEMA1,3907,Harber Inc,925459.67,Stock
EC24E,3908,Okuneva Group,131935.03,Stock
B18EA,3909,Boehm - O'Keefe,819621.21,Stock
ZD7QN,3910,Schuppe and Sons,901377.52,Stock
4M809,3911,Leuschke - Koepp,573121.00,Stock
TDWZE,3912,Gaylord - Wuckert,5205.04,Stock
C4FGN,3913,"Gerhold, Auer and Davis",698213.95,Stock
NOKLX,3914,Pacocha LLC,933639.53,Stock
BRS4B,3915,Wisozk Inc,590088.54,Stock
0YIHN,3916,Ziemann Group,988801.44,Stock
O6KSK,3917,Smith Inc,451166.26,Stock
RZYFN,3918,"Hammes, Hane and Hammes",262501.09,Stock
T8GN8,3919,"Rath, Jakubowski and Turner",204095.07,Stock
8RTK9,3920,"Mayer, Johns and Daniel",37662.88,Stock
TZVQ8,3921,"Bahringer, Leffler and Dicki",906771.51,Stock
TXXXX,3922,Bartoletti LLC,854334.73,Stock
JWBW5,3923,Koepp - Price,904010.50,Stock
E5TN6,3924,Bartoletti Inc,178467.08,Stock
CQF8M,3925,Zieme and Sons,823630.41,Stock
ATVXT,3926,MacGyver and Sons,101525.67,Stock
LWULP,3927,Carter Group,279354.50,Stock
16RPX,3928,Shanahan LLC,374932.85,Stock
GB99C,3929,Schumm - Braun,959169.09,Stock
HCOI7,3930,"Davis, Reynolds and Davis",289863.57,Stock
17E0O,3931,"Jacobson, Kreiger and Yundt",768415.62,Stock
WC3P6,3932,Dietrich - Heller,588218.19,Stock
K1EY1,3933,Ortiz - Abernathy,326210.41,Stock
NJSJ1,3934,Casper - Barrows,368536.07,Stock
9LTLT,3935,"Hauck, Waelchi and Franecki",905744.43,Stock
MHVJX,3936,Grant Group,395253.67,Stock
26VWM,3937,Vandervort Group,360768.40,Stock
CB9D9,3938,Lueilwitz Group,808515.88,Stock
QGKTQ,3939,Runolfsdottir - Roberts,723457.28,Stock
R0UG5,3940,Rempel - Hudson,889341.79,Stock
DYN11,3941,"Wolf, Stanton and Beer",35422.71,Stock
97GR6,3942,Walter - Mueller,124627.50,Stock
8F958,3943,Crooks - Kuhic,784234.42,Stock
W6DEF,3944,Schaden Group,960231.33,Stock
3EJHT,3945,Rempel - Hintz,758985.85,Stock
8N3ZE,3946,"Moen, Cartwright and Parisian",301224.73,Stock
7PE98,3947,Mills LLC,770676.52,Stock
VS41T,3948,Bahringer - Klocko,743420.19,Stock
RMAK4,3949,Blick - Bernhard,236168.99,Stock
S6Z7T,3950,Kub - Lockman,301308.82,Stock
5B4SJ,3951,"Will, Cummings and Baumbach",687672.08,Stock
UIWCY,3952,"Friesen, Toy and Davis",200677.60,Stock
TRO28,3953,"Abbott, Kuhn and O'Connell",590403.74,Stock
E3NJE,3954,Runolfsson LLC,967662.07,Stock
PVPAC,3955,"Walter, Oberbrunner and Schuppe",751962.98,Stock
8ZQGI,3956,Grant - Grant,639605.06,Stock
1K93K,3957,Terry - Huel,617000.62,Stock
IF176,3958,"Schamberger, Buckridge and Dietrich",961535.19,Stock
CMXZ4,3959,"Wilderman, Ratke and Buckridge",468465.03,Stock
43IIB,3960,Yundt - Ondricka,616672.12,Stock
ARI89,3961,Franecki - Kuhn,601953.52,Stock
SJQKQ,3962,Rutherford Inc,217582.32,Stock
AY5X4,3963,"Walker, Goldner and Kassulke",632879.72,Stock
WPLX8,3964,Bergnaum - Stracke,260.93,Stock
4CM7X,3965,Johns - Heathcote,956743.26,Stock
KCRL1,3966,DuBuque Inc,886505.68,Stock
5UDQ7,3967,Morar Inc,635304.86,Stock
6MH7B,3968,Rutherford - Greenholt,498384.31,Stock
021YQ,3969,Wisoky - Crist,72219.56,Stock
8BOEB,3970,Moore LLC,503695.30,Stock
KD55F,3971,Rau and Sons,507585.03,Stock
EC1BM,3972,Quigley - Ankunding,503716.43,Stock
73D4P,3973,"Brekke, Metz and Cole",587121.92,Stock
AFI1W,3974,"Ledner, Wisozk and Schuppe",782877.68,Stock
NF8PI,3975,Runte - VonRueden,861507.23,Stock
PSAQW,3976,Corwin and Sons,916872.11,Stock
9G7WN,3977,Block and Sons,198711.82,Stock
ZF846,3978,"Fay, Ebert and Windler",848784.02,Stock
VWJHL,3979,"Kulas, Cruickshank and Wilkinson",389513.25,Stock
JDYI7,3980,Bahringer and Sons,570914.78,Stock
RCHA8,3981,Kohler - Ondricka,731506.21,Stock
O3ZEY,3982,Kris and Sons,467077.39,Stock
WPADV,3983,Anderson and Sons,358574.98,Stock
W1MQ2,3984,"Nikolaus, Keebler and Kreiger",16698.19,Stock
N804S,3985,"Hyatt, Mitchell and Turcotte",570081.43,Stock
EUHV5,3986,Hilpert - McDermott,118712.55,Stock
HQNTT,3987,Wilkinson - Keebler,383682.29,Stock
DWNKI,3988,McCullough - Keeling,65478.43,Stock
P6KID,3989,Ruecker LLC,661998.87,Stock
E6G54,3990,Hagenes Inc,170118.84,Stock
WUFJJ,3991,Anderson Inc,163711.99,Stock
GUBD3,3992,Gottlieb - Yost,670891.04,Stock
SYDLI,3993,Tremblay - Gerlach,238477.10,Stock
7SBKE,3994,"Greenholt, Cummerata and Gerlach",593597.43,Stock
N78ED,3995,"Stanton, Stamm and Flatley",147498.97,Stock
09U37,3996,"Feeney, Sporer and Balistreri",71516.33,Stock
N9D4O,3997,Schmidt and Sons,340968.24,Stock
F9LN4,3998,"Swift, Connelly and Grady",924853.48,Stock
7NIG5,3999,Metz - Ratke,973119.68,Stock
8C85J,4000,Marks Group,937570.48,Stock
3KMIP,4001,McClure - Toy,295082.77,Stock
MQIMG,4002,"VonRueden, McDermott and Schuppe",422917.43,Stock
8X4TX,4003,"Botsford, Parker and Conn",808580.53,Stock
327AI,4004,"Weber, Paucek and Gusikowski",714950.40,Stock
KJJD5,4005,Heller LLC,952582.40,Stock
SBFTF,4006,Dicki LLC,734792.90,Stock
SKS08,4007,Bernhard Inc,447795.66,Stock
I83AH,4008,Braun and Sons,543372.18,Stock
OKYHQ,4009,Rempel - MacGyver,279971.21,Stock
99M47,4010,Douglas Group,980887.13,Stock
5KA99,4011,Prosacco - Lockman,135472.79,Stock
HU23V,4012,"Schaefer, O'Reilly and Kuhic",626893.52,Stock
TLTCA,4013,"Jacobi, Mitchell and Kshlerin",318220.92,Stock
RLX9K,4014,"Beer, Veum and Howell",16507.63,Stock
P2PKE,4015,"Yost, Jacobs and Gulgowski",148750.88,Stock
CTQ88,4016,Effertz Inc,749738.85,Stock
YFRV9,4017,Lubowitz Group,947110.78,Stock
TIVTZ,4018,Stokes - Vandervort,908579.19,Stock
W8Y5M,4019,Harris LLC,742901.26,Stock
DPX08,4020,"Crooks, Bechtelar and Douglas",29794.89,Stock
TT8PH,4021,Kertzmann Group,388748.30,Stock
ITFWL,4022,Jaskolski LLC,863201.81,Stock
STVP8,4023,O'Hara - Larson,990480.65,Stock
VHNRK,4024,Simonis LLC,204644.85,Stock
NIHX7,4025,Welch - Schmeler,935810.68,Stock
LH3DD,4026,Gusikowski LLC,386394.32,Stock
3KYVX,4027,"Beatty, Nicolas and Becker",514327.81,Stock
Q9ZYT,4028,Lindgren Inc,218046.97,Stock
VLNEO,4029,Zemlak - Ziemann,514148.42,Stock
4XQXD,4030,"Feeney, Bergstrom and Breitenberg",492075.06,Stock
MJWO2,4031,Pouros - Herman,688343.86,Stock
IAQDQ,4032,Schaefer Inc,608755.57,Stock
OW3NV,4033,Runolfsson - Klocko,874722.84,Stock
BLI4A,4034,"Beahan, Balistreri and Gulgowski",17841.93,Stock
XKCWQ,4035,Hermiston Group,964770.97,Stock
Q665X,4036,Lindgren - Schuppe,748806.13,Stock
ZNZM2,4037,Abbott - Koepp,598481.24,Stock
6G2DK,4038,"Runte, Schroeder and Abshire",6609.30,Stock
C1B3A,4039,"Lehner, Hamill and Hermiston",984490.30,Stock
OY4TP,4040,Breitenberg Group,160962.82,Stock
IJ4XM,4041,Hagenes - Wuckert,300959.39,Stock
TMDE8,4042,Oberbrunner - Graham,673347.66,Stock
CVBRO,4043,Kreiger - Gaylord,954603.02,Stock
ND08T,4044,"O'Conner, Hartmann and Bauch",58413.64,Stock
EESG0,4045,Schumm Group,847455.47,Stock
9QGCG,4046,Greenholt - Dickinson,799444.20,Stock
QV6AA,4047,Wiza - Boyer,975379.87,Stock
TDJ6F,4048,McKenzie - Nicolas,305644.01,Stock
FB6DQ,4049,"Murray, Stanton and Lindgren",537606.70,Stock
XL9Q9,4050,"Berge, Hahn and McKenzie",310606.28,Stock
4AVDA,4051,Waters LLC,121201.77,Stock
BMPLV,4052,Schroeder - Gerlach,99124.59,Stock
HFF86,4053,Orn - O'Reilly,552902.53,Stock
TXBWZ,4054,"Hane, Howell and Erdman",107113.90,Stock
VWXLY,4055,"Jenkins, Feest and Maggio",929458.73,Stock
PU2LJ,4056,Will LLC,313909.38,Stock
4V2W9,4057,Durgan - Pfannerstill,906291.18,Stock
QVG73,4058,"Kihn, Davis and Wuckert",723675.96,Stock
961P2,4059,"Parker, Mertz and Labadie",843828.80,Stock
SGR1I,4060,Gleichner - Rowe,330419.82,Stock
M85S0,4061,Predovic Group,960207.46,Stock
MYUUU,4062,Swaniawski and Sons,253562.84,Stock
CURFO,4063,"Spinka, Oberbrunner and Weissnat",823803.57,Stock
Y3EVP,4064,"Dicki, Gaylord and Windler",834374.77,Stock
TUM8M,4065,"Gleichner, Powlowski and Kris",157746.44,Stock
7U6VJ,4066,"Kris, Waters and Muller",63030.09,Stock
XTZWL,4067,Strosin Group,467628.69,Stock
4VF56,4068,Littel LLC,989703.85,Stock
SVD9M,4069,"Ankunding, Kub and Dooley",513548.12,Stock
BL3G8,4070,"Nicolas, Boyer and Walsh",535009.36,Stock
1Y39H,4071,Hansen - Sipes,943106.21,Stock
DU1XC,4072,"Robel, Murazik and Bechtelar",691836.52,Stock
0Y7M0,4073,"Medhurst, Macejkovic and Marvin",348396.03,Stock
XMG6J,4074,Lind - Schamberger,968824.32,Stock
VGV9K,4075,MacGyver LLC,612193.67,Stock
OQGMZ,4076,Little - Padberg,268284.78,Stock
G9T9Y,4077,"Kub, Weber and Bergnaum",752382.51,Stock
OIRSA,4078,Christiansen - Bernier,923070.41,Stock
DS2CE,4079,"Padberg, Brown and Koelpin",732768.40,Stock
PPL3T,4080,"Bechtelar, Kuphal and Grant",635741.57,Stock
XMGCM,4081,Hessel Inc,205264.01,Stock
6NBN0,4082,Romaguera Group,942481.58,Stock
XFEW5,4083,Pagac Group,397701.66,Stock
NZ1MM,4084,"Kerluke, Emmerich and Wiza",910706.13,Stock
GBNY3,4085,"Ledner, Buckridge and Weber",460148.69,Stock
OEFUU,4086,Nicolas and Sons,65234.83,Stock
GLWE0,4087,Nienow - Schultz,36386.13,Stock
PQH3Q,4088,"Gaylord, Will and Cremin",31844.37,Stock
FSU73,4089,Welch - McGlynn,779818.27,Stock
466Z3,4090,Gulgowski LLC,234150.58,Stock
1ASP5,4091,Olson - Hansen,559388.15,Stock
6BOCW,4092,Mitchell LLC,329817.14,Stock
ES9QB,4093,"Stiedemann, Hodkiewicz and Franecki",604156.28,Stock
PN0FE,4094,Schuster Group,850621.29,Stock
MPLHT,4095,"Tremblay, Grady and Wolff",738993.34,Stock
AB4P8,4096,Dietrich LLC,780377.53,Stock
KGOB6,4097,Ward Group,797094.90,Stock
9E0KV,4098,"Veum, Pfannerstill and Cummings",886237.39,Stock
BFM4G,4099,Monahan - Ullrich,791907.94,Stock
XRDH6,4100,Pacocha LLC,597473.63,Stock
